k-mer,number of proteins,all,(Out of 6049 proteins in total)
QQQQQQQQQQ,49,"['GAL11', 'VTS1', 'HRK1', 'CBK1', 'BMH2', 'ANP1', 'TAF12', 'CCR4', 'YAK1', 'PGD1', 'YAP1801', 'SLT2', 'YPL229W', 'DAL81', 'MSS11', 'PAN1', 'PCF11', 'PUB1', 'NGR1', 'SLM1', 'EPL1', 'YKR045C', 'CKS1', 'IOC2', 'PUF3', 'RSF2', 'AIM3', 'OPI1', 'ATG13', 'JJJ2', 'MCM1', 'SNF5', 'CLA4', 'NDD1', 'IXR1', 'CYC8', 'SSN2', 'HAP2', 'YLR177W', 'DAT1', 'YPR022C', 'ENT1', 'POP2', 'FAR7', 'CRZ1', 'SKS1', 'NAB2', 'NAB3', 'SGF73']"
NNNNNNNNNN,27,"['MRN1', 'FPS1', 'MED2', 'NFI1', 'RIM15', 'CCR4', 'PHO81', 'GRR1', 'SAP30', 'SIZ1', 'YLR278C', 'MSS11', 'FAB1', 'PUF4', 'PUF2', 'SCH9', 'ASG1', 'AZF1', 'RLM1', 'NUD1', 'PDR1', 'GPR1', 'VAR1', 'CDC27', 'MIT1', 'YML053C', 'MOT3']"
LQQQQQQQQQ,17,"['PCF11', 'DEF1', 'SLM1', 'IXR1', 'VTS1', 'EPL1', 'SLT2', 'YCK1', 'ENT1', 'POP2', 'KOG1', 'CRZ1', 'MCM1', 'YAP1801', 'SNF5', 'CLA4', 'YPL229W']"
DDDDDDDDDD,15,"['VID30', 'NMD2', 'YHR131C', 'TBS1', 'SEG2', 'RAD6', 'SFP1', 'SRC1', 'SND1', 'VPS41', 'RTT103', 'ZRG8', 'RTC1', 'NAB3', 'SIS2']"
NNNNNNNNNS,13,"['GRR1', 'MSS11', 'GPR1', 'FAB1', 'YBL081W', 'FPS1', 'PUF4', 'PUF2', 'ASG1', 'YLR278C', 'SAP30', 'RLM1', 'NUD1']"
SSSSSSSSSS,12,"['SED4', 'SIM1', 'OPY2', 'MTL1', 'YGR130C', 'UTR2', 'LAM6', 'PLB3', 'FIT2', 'GAS5', 'YLR278C', 'WSC2']"
NNNNNNNNSN,11,"['RIM4', 'MSS11', 'GPR1', 'PTP3', 'SAP30', 'NUP49', 'FPS1', 'PUF4', 'PUF2', 'YBL081W', 'YLR278C']"
DDDDDDDDDE,11,"['VID30', 'YHR131C', 'VPS41', 'KEX1', 'SEG2', 'RAD6', 'SND1', 'TFA1', 'ZRG8', 'NAB3', 'SIS2']"
QQQQQQQQQP,11,"['YAP1801', 'DEF1', 'MCM1', 'IOC2', 'PAN1', 'AIM3', 'POP2', 'PGD1', 'SLT2', 'NAB3', 'NAB2']"
EEEEEEEEEE,10,"['BFR2', 'TAF7', 'YFR016C', 'MTC1', 'EBP2', 'RQC2', 'SEC7', 'TFA1', 'SCT1', 'NAB3']"
QQQQQQQQQL,10,"['ENT1', 'GTS1', 'HAP2', 'YCK1', 'DAT1', 'OPI1', 'ANP1', 'MCM1', 'YPR022C', 'CYC8']"
SNNNNNNNNN,9,"['MSS11', 'GPR1', 'SAP30', 'NFI1', 'MIT1', 'ASG1', 'AZF1', 'MOT3', 'YBL081W']"
HQQQQQQQQQ,9,"['HAP1', 'HAP2', 'NGR1', 'SCD5', 'ENT2', 'SNF5', 'YAK1', 'LCL2', 'DAL81']"
PQQQQQQQQQ,9,"['MSS11', 'IXR1', 'HRK1', 'IOC2', 'PUF3', 'ATG13', 'CCR4', 'MCM1', 'NAB3']"
QQQQQQQQQH,9,"['MSS11', 'IXR1', 'CKS1', 'CBK1', 'CCR4', 'GAL11', 'JJJ2', 'HRK1', 'SGF73']"
AQAQAQAQAQ,8,"['CYC8', 'SIN3', 'YCK2', 'HOG1', 'SVL3', 'PGD1', 'GAL11', 'GTS1']"
NNNNNNNSNN,8,"['MSS11', 'GPR1', 'SAP30', 'NUP49', 'FPS1', 'PUF2', 'YBL081W', 'YLR278C']"
QLQQQQQQQQ,7,"['DEF1', 'YCK1', 'ENT1', 'KOG1', 'CRZ1', 'MCM1', 'SLT2']"
DNNNNNNNNN,7,"['GRR1', 'FAB1', 'PUF2', 'TBS1', 'ASG1', 'CCR4', 'YLR278C']"
HRDIKPENIL,7,"['FMP48', 'KSP1', 'CHK1', 'SSK22', 'IPL1', 'DUN1', 'PKH1']"
QAQAQAQAQA,6,"['CYC8', 'SIN3', 'YCK2', 'PGD1', 'GAL11', 'GTS1']"
ILADEMGLGK,6,"['CHD1', 'INO80', 'ISW1', 'IRC5', 'SWR1', 'SNF2']"
DDDDDDDDED,6,"['SPT5', 'VPS41', 'KEX1', 'KAP104', 'YHR131C', 'SIS2']"
QPQQQQQQQQ,6,"['MSS11', 'IXR1', 'IOC2', 'ATG13', 'MCM1', 'SWI1']"
NDDDDDDDDD,6,"['VID30', 'TBS1', 'SRC1', 'RTT103', 'HRD1', 'SIS2']"
LADEMGLGKT,6,"['CHD1', 'INO80', 'ISW1', 'IRC5', 'SWR1', 'SNF2']"
TSSSSSSSSS,6,"['SIM1', 'YGR130C', 'WSC2', 'FIT2', 'GAS5', 'YLR278C']"
NSNNNNNNNN,6,"['RIM4', 'CTK1', 'GPR1', 'MSS11', 'MIT1', 'YBL081W']"
GILADEMGLG,6,"['CHD1', 'INO80', 'ISW1', 'IRC5', 'SWR1', 'SNF2']"
QQQQQQQQQS,6,"['YLR177W', 'SLM1', 'CBK1', 'AZF1', 'LCL2', 'DAL81']"
QQQQQQQQQA,6,"['IXR1', 'CYC8', 'VTS1', 'BMH2', 'EPL1', 'NDD1']"
QQQQQQQQQN,6,"['SSN2', 'YAK1', 'RSF2', 'NUP188', 'YKR045C', 'YPL229W']"
NDNNNNNNNN,5,"['ASG1', 'PTP3', 'FAB1', 'PUF2', 'YLR278C']"
DEDDDDDDDD,5,"['IFH1', 'YHR131C', 'SPT5', 'NMD2', 'SND1']"
NNNNNNNNNI,5,"['CDC27', 'MOT3', 'PHO81', 'MRN1', 'MIT1']"
GDDDDDDDDD,5,"['TFA1', 'KEX1', 'RTC1', 'VPS41', 'MCM1']"
NGILADEMGL,5,"['CHD1', 'IRC5', 'SWR1', 'INO80', 'SNF2']"
RDIKPENILL,5,"['SSK22', 'DUN1', 'FMP48', 'CHK1', 'PKH1']"
QQLQQQQQQQ,5,"['YCK1', 'DEF1', 'CRZ1', 'KOG1', 'MCM1']"
HRDLKPENLL,5,"['CMK1', 'SNF1', 'HSL1', 'SAT4', 'GIN4']"
SSSSSSSSST,5,"['FRT2', 'PRY3', 'WSC2', 'YLR278C', 'UTR2']"
DDEDDDDDDD,5,"['IFH1', 'YHR131C', 'SPT5', 'NMD2', 'SND1']"
NNNNNNSNNN,5,"['SKY1', 'FPS1', 'YBL081W', 'YLR278C', 'KSP1']"
DDDEDDDDDD,5,"['IFH1', 'YHR131C', 'SPT5', 'NMD2', 'SND1']"
