k-mer,number of proteins,all,(Out of 13096 proteins in total)
EEEEEEEEEE,42,"['polycomb group RING finger protein 6 ', 'ran GTPase-activating protein 1 ', 'connector enhancer of kinase suppressor of ras 2 ', 'probable RNA-binding protein 19 ', 'histone deacetylase 5 ', 'tyrosine-protein kinase BAZ1B ', 'eukaryotic translation initiation factor 3 subunit D ', 'PAX-interacting protein 1 ', 'RNA-binding protein 10 ', 'deoxynucleotidyltransferase terminal-interacting protein 2 ', 'SPRY domain-containing protein 3 ', 'histone-lysine N-methyltransferase EHMT2 ', 'YTH domain-containing protein 1 ', 'repressor of yield of DENV protein homolog ', 'voltage-dependent L-type calcium channel subunit alpha-1F ', 'tubby protein homolog ', 'SH3 and cysteine-rich domain-containing protein 3 ', 'transcription activator BRG1 ', 'snRNA-activating protein complex subunit 5 ', 'DBIRD complex subunit ZNF326 ', 'SET and MYND domain-containing protein 5 ', 'transcription elongation factor SPT5 ', 'nucleolin ', 'high mobility group protein B3 isoform 1 ', 'C-Jun-amino-terminal kinase-interacting protein 2 ', 'sodium/potassium/calcium exchanger 1 ', 'cyclin-dependent kinase 11B ', 'neurogenic differentiation factor 2 ', 'BRISC and BRCA1-A complex member 1 ', 'myelin transcription factor 1 ', 'claspin ', 'zinc finger protein 513 ', 'AT-rich interactive domain-containing protein 3A ', 'cell division cycle-associated protein 7 ', 'disintegrin and metalloproteinase domain-containing protein 1b ', 'ryanodine receptor 1 ', 'bone sialoprotein 2 precursor ', 'death domain-associated protein 6 ', 'hepatoma-derived growth factor ', 'serine/threonine-protein kinase TAO2 ', 'acidic leucine-rich nuclear phosphoprotein 32 family member E ', 'F-box only protein 3 ']"
AAAAAAAAAA,37,"['putative histone-lysine N-methyltransferase PRDM6 ', 'homeobox protein Nkx-6.1 ', 'transmembrane protein 158 precursor ', 'pro-neuregulin-3, membrane-bound isoform ', 'iroquois-class homeodomain protein IRX-3 ', 'forkhead box protein L2 ', 'transcription factor Sp9 ', 'T-box transcription factor TBX2 ', 'homeobox protein Hox-D11 ', 'protein FAM222A ', 'GS homeobox 2 ', 'homeobox protein Nkx-2.3 ', 'RNA-binding protein 24 ', 'RNA-binding protein 47 ', 'OTU domain-containing protein 7A ', 'retinoblastoma-associated protein ', 'F-box-like/WD repeat-containing protein TBL1XR1 ', 'eomesodermin homolog ', 'POU domain, class 3, transcription factor 1 ', 'protein kinase C-binding protein 1 ', 'zinc finger protein ZIC 2 ', 'LIM/homeobox protein Lhx2 ', 'cyclin-dependent kinase 13 isoform 2 ', 'polyadenylate-binding protein 2 ', 'protein FEV ', 'transducin-like enhancer protein 4 ', 'RNA demethylase ALKBH5 ', 'cell adhesion molecule 1 precursor ', 'pleckstrin homology-like domain family A member 2 ', 'serine/threonine-protein kinase NLK ', 'ankyrin repeat domain-containing protein 17 ', 'kelch-like protein 11 ', 'ligand-dependent nuclear receptor corepressor-like protein ', 'CLK4-associating serine/arginine rich protein ', 'RNA-binding protein 4 ', 'la-related protein 4 ', 'AT-rich interactive domain-containing protein 1A ']"
PPPPPPPPPP,34,"['pancreas/duodenum homeobox protein 1 ', 'AT-hook DNA-binding motif-containing protein 1 ', 'semaphorin-4G precursor ', 'adenylyl cyclase-associated protein 2 ', 'disabled homolog 2-interacting protein ', 'brain-specific angiogenesis inhibitor 1 precursor ', 'zinc finger protein 462 ', 'WASH complex subunit 1 ', 'neural Wiskott-Aldrich syndrome protein ', 'RNA-binding protein 20 ', 'serine/threonine-protein phosphatase 2B catalytic subunit beta isoform ', 'zinc finger homeobox protein 4 ', 'leucine zipper putative tumor suppressor 2 ', 'F-box only protein 11 ', 'zinc finger protein 341 ', 'FH1/FH2 domain-containing protein 1 ', 'RING finger protein 44 ', 'retrotransposon-derived protein PEG10 isoform 1 ', 'proline-rich membrane anchor 1 precursor ', 'growth/differentiation factor 6 precursor ', 'zinc finger CCCH domain-containing protein 4 ', 'large proline-rich protein BAG6 ', 'leiomodin-2 ', 'histone-lysine N-methyltransferase SETD1A ', 'wiskott-Aldrich syndrome protein family member 2 ', 'enolase 4 ', 'homeobox protein Hox-B4 ', 'PX domain-containing protein kinase-like protein ', 'E3 ubiquitin-protein ligase MARCH11 ', 'carcinoembryonic antigen-related cell adhesion molecule 19 precursor ', 'protein diaphanous homolog 3 ', 'splicing factor 3B subunit 2 ', 'formin-like protein 2 ', 'protein virilizer homolog ']"
GGGGGGGGGG,33,"['protein unc-80 homolog ', 'ubiquinol-cytochrome-c reductase complex assembly factor 3 ', 'serine/arginine-rich splicing factor 11 ', 'calcium-activated potassium channel subunit alpha-1 ', 'T-box transcription factor TBX2 ', 'ER membrane protein complex subunit 10 precursor ', 'fez family zinc finger protein 2 ', 'fibronectin type III domain-containing protein 3B ', 'kinesin-like protein KIF3C ', 'CREB/ATF bZIP transcription factor ', 'eukaryotic peptide chain release factor GTP-binding subunit ERF3A ', 'far upstream element-binding protein 1 ', 'desmoplakin ', 'proto-oncogene tyrosine-protein kinase Src ', 'glycogen synthase kinase-3 alpha ', 'E3 ubiquitin-protein ligase makorin-1 ', 'calpain small subunit 1 ', 'transcription factor Maf ', 'zinc finger protein ZIC 2 ', 'transcriptional activator protein Pur-alpha ', 'E3 ubiquitin-protein ligase ARIH1 ', 'E3 ubiquitin-protein ligase SIAH2 ', 'zinc finger protein 384 ', 'interleukin enhancer-binding factor 3 ', 'transformer-2 protein homolog alpha ', 'protocadherin-10 precursor ', 'ankyrin repeat domain-containing protein 17 ', 'insulinoma-associated protein 1 ', 'small conductance calcium-activated potassium channel protein 2 isoform 2 ', 'WAS/WASL-interacting protein family member 1 ', 'T-cell leukemia homeobox protein 1 ', 'short stature homeobox protein 2 ', 'POU domain, class 3, transcription factor 2 ']"
SSSSSSSSSS,24,"['endoplasmic reticulum membrane sensor NFE2L1 ', 'bromodomain-containing protein 2 ', 'homeobox protein Nkx-6.1 ', 'calcium-activated potassium channel subunit alpha-1 ', 'SH2 domain-containing adapter protein E ', 'ran-binding protein 10 ', 'calmodulin-binding transcription activator 2 ', 'fibroblast growth factor 10 precursor ', 'nuclear receptor subfamily 1 group D member 1 ', 'protein AF-9 ', 'neuronal PAS domain-containing protein 1 ', 'general transcription factor II-I repeat domain-containing protein 1 ', 'membrane-bound transcription factor site-2 protease ', 'transcription factor SOX-4 ', 'histone-lysine N-methyltransferase SETD1A ', 'protein FAM193B ', 'H/ACA ribonucleoprotein complex non-core subunit NAF1 ', 'pro-neuregulin-3, membrane-bound isoform ', 'chromodomain-helicase-DNA-binding protein 9 ', 'peroxisome proliferator-activated receptor gamma coactivator-related protein 1 ', 'bifunctional arginine demethylase and lysyl-hydroxylase JMJD6 ', 'peptidyl-prolyl cis-trans isomerase G ', 'pinin ', 'E3 ubiquitin-protein ligase RNF126 ']"
EEEEEEEEED,22,"['AT-rich interactive domain-containing protein 4B ', 'histone deacetylase 5 ', 'tyrosine-protein kinase BAZ1B ', 'death domain-associated protein 6 ', 'kinesin-like protein KIF21A ', 'SPRY domain-containing protein 3 ', 'neurogenic differentiation factor 1 ', 'tubby protein homolog ', 'snRNA-activating protein complex subunit 5 ', 'mesoderm induction early response protein 1 ', 'protein phosphatase 1 regulatory subunit 1B ', 'high mobility group protein B3 isoform 1 ', 'C-Jun-amino-terminal kinase-interacting protein 2 ', 'amyloid beta A4 precursor protein-binding family B member 1 ', 'myelin transcription factor 1 ', 'nucleolar protein 9 ', 'nardilysin ', 'cell division cycle-associated protein 7 ', 'histone-lysine N-methyltransferase EHMT2 ', 'reticulon-4 isoform 2 ', 'acidic leucine-rich nuclear phosphoprotein 32 family member E ', 'F-box only protein 3 ']"
QQQQQQQQQQ,21,"['tensin-1 ', 'CREB-binding protein ', 'THAP domain-containing protein 11 ', 'transcription factor EB ', 'protein lin-7 homolog A ', 'POU domain, class 3, transcription factor 2 ', 'TATA-box-binding protein ', 'calcium homeostasis endoplasmic reticulum protein ', 'transcription factor 20 ', 'transmembrane protein FAM155A ', 'trinucleotide repeat-containing gene 6B protein ', 'mitochondrial import inner membrane translocase subunit Tim10 B ', 'pleckstrin homology-like domain family A member 1 ', 'CUGBP Elav-like family member 3 ', 'polyhomeotic-like protein 1 ', 'mediator of RNA polymerase II transcription subunit 12 ', 'ATP-binding cassette sub-family F member 1 ', 'MAX gene-associated protein ', 'PERQ amino acid-rich with GYF domain-containing protein 2 ', 'vascular endothelial zinc finger 1 ', 'forkhead box protein P2 ']"
HQRIHTGEKP,15,"['zinc finger protein 554 ', 'zinc finger protein with KRAB and SCAN domains 2 ', 'zinc finger protein 689 ', 'zinc finger protein 205 ', 'zinc finger protein 18 ', 'zinc finger protein 787 ', 'zinc finger protein 350 ', 'zinc finger protein 697 ', 'zinc finger protein LOC768229 ', 'zinc finger protein ZFP69 ', 'zinc finger protein 397 ', 'zinc finger protein 572 ', 'zinc finger protein 677 ', 'zinc finger and SCAN domain-containing protein 10 ', 'zinc finger protein 382 ']"
GGGGGGGGGS,15,"['small conductance calcium-activated potassium channel protein 2 isoform 2 ', 'interleukin enhancer-binding factor 3 ', 'fibronectin type III domain-containing protein 3B ', 'early growth response protein 1 ', 'protocadherin-10 precursor ', 'CREB/ATF bZIP transcription factor ', 'eukaryotic peptide chain release factor GTP-binding subunit ERF3A ', 'RNA-binding protein FUS ', 'homeobox protein DLX-2 ', 'calcium-activated potassium channel subunit alpha-1 ', 'WAS/WASL-interacting protein family member 1 ', 'T-cell acute lymphocytic leukemia protein 1 ', 'programmed cell death protein 7 ', 'transcriptional activator protein Pur-alpha ', 'ER membrane protein complex subunit 10 precursor ']"
HHHHHHHHHH,14,"['heart- and neural crest derivatives-expressed protein 1 ', 'homeobox protein OTX1 ', 'dual specificity tyrosine-phosphorylation-regulated kinase 1A ', 'hepatocyte nuclear factor 6 ', 'zinc finger protein ZIC 3 ', 'transcription cofactor vestigial-like protein 3 ', 'protein FAM76B ', 'POU domain, class 4, transcription factor 2 ', 'homeobox protein MOX-2 ', 'rho-related BTB domain-containing protein 2 ', 'ras/Rap GTPase-activating protein SynGAP ', 'disks large-associated protein 3 ', 'transcriptional repressor protein YY1 ', 'voltage-dependent P/Q-type calcium channel subunit alpha-1A ']"
QVKIWFQNRR,14,"['homeobox protein Nkx-2.5 ', 'GS homeobox 2 ', 'homeobox protein Hox-A10 ', 'homeobox protein DBX2 ', 'homeobox protein Hox-A4 ', 'homeobox protein Nkx-3.2 ', 'homeobox protein GBX-2 ', 'homeobox protein DBX1 ', 'homeobox protein MSX-2 ', 'homeobox protein Hox-B1 ', 'homeobox protein DLX-2 ', 'homeobox protein Hox-D12 ', 'homeobox protein CDX-1 ', 'homeobox protein Hox-D11 ']"
SAAAAAAAAA,13,"['GS homeobox 2 ', 'homeobox protein Nkx-2.3 ', 'homeobox protein Nkx-6.1 ', 'RNA-binding protein 24 ', 'pre-B-cell leukemia transcription factor 2 ', 'serine/threonine-protein kinase NLK ', 'transducin-like enhancer protein 3 ', 'RNA-binding protein 47 ', 'zinc finger protein ZIC 2 ', 'eomesodermin homolog ', 'zinc finger protein 703 ', 'pituitary homeobox 3 ', 'T-box transcription factor TBX2 ']"
QPPPPPPPPP,13,"['pancreas/duodenum homeobox protein 1 ', 'histone-lysine N-methyltransferase SETD1A ', 'zinc finger protein 341 ', 'enolase 4 ', 'homeobox protein Hox-B4 ', 'disabled homolog 2-interacting protein ', 'brain-specific angiogenesis inhibitor 1 precursor ', 'zinc finger protein 462 ', 'retrotransposon-derived protein PEG10 isoform 1 ', 'sine oculis-binding protein homolog ', 'F-box only protein 11 ', 'RNA-binding protein 20 ', 'splicing factor 3B subunit 2 ']"
EEEEEEEEDE,13,"['tubby protein homolog ', 'AT-rich interactive domain-containing protein 4B ', 'voltage-dependent L-type calcium channel subunit alpha-1D ', 'transcription cofactor vestigial-like protein 3 ', 'RILP-like protein 2 ', 'protein phosphatase 1 regulatory subunit 1B ', 'acidic leucine-rich nuclear phosphoprotein 32 family member E ', 'reticulon-4 isoform 2 ', 'death domain-associated protein 6 ', 'CAP-Gly domain-containing linker protein 3 ', 'high mobility group protein B2 ', 'C-Jun-amino-terminal kinase-interacting protein 2 ', 'histone-lysine N-methyltransferase EHMT2 ']"
EEEEEEEEEG,13,"['SET and MYND domain-containing protein 5 ', 'repressor of yield of DENV protein homolog ', 'ran GTPase-activating protein 1 ', 'connector enhancer of kinase suppressor of ras 2 ', 'cyclin-dependent kinase 11B ', 'anion exchange protein 3 ', 'BEN domain-containing protein 4 ', 'neurogenic differentiation factor 2 ', 'PAX-interacting protein 1 ', 'ryanodine receptor 1 ', 'serine/threonine-protein kinase TAO2 ', 'acidic leucine-rich nuclear phosphoprotein 32 family member E ', 'zinc finger protein 513 ']"
HQRTHTGEKP,12,"['zinc finger protein 200 ', 'zinc finger protein with KRAB and SCAN domains 2 ', 'Krueppel-like factor 7 ', 'histone-lysine N-methyltransferase PRDM9 ', 'zinc finger protein 263 ', 'zinc finger protein 75A ', 'zinc finger protein 629 ', 'zinc finger protein 350 ', 'zinc finger protein 689 ', 'zinc finger protein 331 ', 'myeloid zinc finger 1 ', 'zinc finger protein 775 ']"
AAAAAAAAAS,12,"['homeobox protein Nkx-6.1 ', 'pre-B-cell leukemia transcription factor 2 ', 'AT-rich interactive domain-containing protein 1A ', 'kelch-like protein 11 ', 'OTU domain-containing protein 7A ', 'CLK4-associating serine/arginine rich protein ', 'cyclin-dependent kinase 13 isoform 2 ', 'zinc finger protein 703 ', 'pituitary homeobox 3 ', 'transcription factor Sp9 ', 'E3 ubiquitin-protein ligase makorin-1 ', 'eomesodermin homolog ']"
SGGGGGGGGG,12,"['fez family zinc finger protein 2 ', 'RNA-binding protein FUS ', 'fibronectin type III domain-containing protein 3B ', 'early growth response protein 1 ', 'zinc finger protein ZIC 2 ', 'eukaryotic peptide chain release factor GTP-binding subunit ERF3A ', 'ankyrin repeat domain-containing protein 17 ', 'mitogen-activated protein kinase kinase kinase 11 ', 'transcriptional activator protein Pur-alpha ', 'transformer-2 protein homolog alpha ', 'ATP-dependent RNA helicase DHX36 ', 'ubiquinol-cytochrome-c reductase complex assembly factor 3 ']"
DEEEEEEEEE,12,"['nardilysin ', 'nucleolin ', 'ran GTPase-activating protein 1 ', 'high mobility group protein B3 isoform 1 ', 'sodium/potassium/calcium exchanger 1 ', 'amyloid beta A4 precursor protein-binding family B member 1 ', 'eukaryotic translation initiation factor 3 subunit D ', 'anion exchange protein 3 ', 'reticulon-4 isoform 2 ', 'mesoderm induction early response protein 1 ', 'kinesin-like protein KIF21A ', 'bone sialoprotein 2 precursor ']"
AGGGGGGGGG,12,"['calpain small subunit 1 ', 'interleukin enhancer-binding factor 3 ', 'apelin receptor ', 'transcription factor Maf ', 'T-cell acute lymphocytic leukemia protein 1 ', 'transcription factor LBX1 ', 'far upstream element-binding protein 1 ', 'homeobox protein DLX-2 ', 'WAS/WASL-interacting protein family member 1 ', 'protein phosphatase PTC7 homolog ', 'short stature homeobox protein 2 ', 'T-box transcription factor TBX2 ']"
QRTHTGEKPY,11,"['zinc finger protein 200 ', 'zinc finger protein with KRAB and SCAN domains 2 ', 'Krueppel-like factor 7 ', 'zinc finger protein 567 ', 'histone-lysine N-methyltransferase PRDM9 ', 'zinc finger protein 263 ', 'zinc finger protein 629 ', 'zinc finger protein 331 ', 'myeloid zinc finger 1 ', 'zinc finger protein 775 ', 'zinc finger protein 22 ']"
PPPPPPPPPG,11,"['adenylyl cyclase-associated protein 2 ', 'serine/threonine-protein phosphatase 2B catalytic subunit beta isoform ', 'wiskott-Aldrich syndrome protein family member 2 ', 'homeobox protein Hox-B4 ', 'E3 ubiquitin-protein ligase MARCH11 ', 'splicing factor 1 ', 'splicing factor 3B subunit 2 ', 'ras association domain-containing protein 5 ', 'neural Wiskott-Aldrich syndrome protein ', 'zinc finger CCCH domain-containing protein 4 ', 'mediator of RNA polymerase II transcription subunit 19 ']"
CQGDSGGPLV,11,"['kallikrein-9 precursor ', 'granzyme K precursor ', 'urokinase-type plasminogen activator precursor ', 'tryptase-2-like precursor ', 'serine protease 42 precursor ', 'coagulation factor XII precursor ', 'transmembrane protease serine 11B-like protein ', 'transmembrane protease serine 3 ', 'tissue-type plasminogen activator precursor ', 'plasminogen precursor ', 'neurotrypsin precursor ']"
LPPPPPPPPP,11,"['leiomodin-2 ', 'ras association domain-containing protein 5 ', 'protein SCAF11 ', 'adenylyl cyclase-associated protein 2 ', 'FH1/FH2 domain-containing protein 1 ', 'RING finger protein 44 ', 'carcinoembryonic antigen-related cell adhesion molecule 19 precursor ', 'proline-rich membrane anchor 1 precursor ', 'protein diaphanous homolog 3 ', 'amyloid beta A4 precursor protein-binding family B member 1-interacting protein ', 'PX domain-containing protein kinase-like protein ']"
PPPPPPPPPL,10,"['leiomodin-2 ', 'zinc finger homeobox protein 4 ', 'zinc finger protein 341 ', 'formin-like protein 2 ', 'F-box only protein 11 ', 'cyclin-dependent kinase 12 ', 'FH1/FH2 domain-containing protein 1 ', 'protein diaphanous homolog 3 ', 'amyloid beta A4 precursor protein-binding family B member 1-interacting protein ', 'potassium voltage-gated channel subfamily H member 2 ']"
QGDSGGPLVC,10,"['kallikrein-9 precursor ', 'urokinase-type plasminogen activator precursor ', 'tryptase-2-like precursor ', 'serine protease 42 precursor ', 'coagulation factor XII precursor ', 'granzyme K precursor ', 'transmembrane protease serine 3 ', 'tissue-type plasminogen activator precursor ', 'plasminogen precursor ', 'neurotrypsin precursor ']"
SCQGDSGGPL,10,"['kallikrein-9 precursor ', 'granzyme K precursor ', 'urokinase-type plasminogen activator precursor ', 'tryptase beta-2 precursor ', 'serine protease 42 precursor ', 'hyaluronan-binding protein 2 precursor ', 'transmembrane protease serine 3 ', 'enteropeptidase precursor ', 'plasminogen precursor ', 'neurotrypsin precursor ']"
GGGGGGGGSG,10,"['fibronectin type III domain-containing protein 3B ', 'dual specificity mitogen-activated protein kinase kinase 4 ', 'CREB/ATF bZIP transcription factor ', 'protocadherin-10 precursor ', 'small conductance calcium-activated potassium channel protein 2 isoform 2 ', 'sorting nexin-27 ', 'uncharacterized protein FAM241A ', 'transcriptional activator protein Pur-alpha ', 'transcription factor SOX-10 ', 'ER membrane protein complex subunit 10 precursor ']"
QRIHTGEKPY,10,"['zinc finger protein 554 ', 'zinc finger protein with KRAB and SCAN domains 2 ', 'zinc finger protein 205 ', 'zinc finger protein 787 ', 'zinc finger protein 350 ', 'zinc finger protein LOC768229 ', 'zinc finger protein 689 ', 'zinc finger protein 397 ', 'zinc finger protein 572 ', 'zinc finger protein 382 ']"
KIWFQNRRMK,9,"['pancreas/duodenum homeobox protein 1 ', 'homeobox protein Hox-A10 ', 'homeobox protein DBX2 ', 'homeobox protein Hox-A3 ', 'homeobox protein DBX1 ', 'homeobox protein Hox-B1 ', 'homeobox protein Hox-A5 ', 'homeobox protein Hox-D12 ', 'homeobox protein Hox-D11 ']"
PPPPPPPPPS,9,"['zinc finger homeobox protein 4 ', 'leucine zipper putative tumor suppressor 2 ', 'enolase 4 ', 'growth/differentiation factor 6 precursor ', 'zinc finger protein 462 ', 'retrotransposon-derived protein PEG10 isoform 1 ', 'protein SCAF11 ', 'histone-lysine N-methyltransferase 2E ', 'probable ATP-dependent RNA helicase DDX17 ']"
PPPPPPPPPA,9,"['large proline-rich protein BAG6 ', 'leiomodin-2 ', 'WASH complex subunit 1 ', 'CCAAT/enhancer-binding protein beta ', 'disabled homolog 2-interacting protein ', 'PX domain-containing protein kinase-like protein ', 'AT-hook DNA-binding motif-containing protein 1 ', 'sine oculis-binding protein homolog ', 'zinc finger MYM-type protein 3 ']"
AAAAAAAAAG,9,"['A disintegrin and metalloproteinase with thrombospondin motifs 1 ', 'protein FAM222A ', 'transcriptional adapter 2-beta ', 'T-box transcription factor TBX2 ', 'pro-neuregulin-3, membrane-bound isoform ', 'polyadenylate-binding protein 2 ', 'myotubularin-related protein 1 ', 'forkhead box protein L2 ', 'retinoic acid receptor RXR-beta ']"
APPPPPPPPP,9,"['large proline-rich protein BAG6 ', 'leiomodin-2 ', 'serine/threonine-protein phosphatase 2B catalytic subunit beta isoform ', 'zinc finger homeobox protein 4 ', 'semaphorin-4G precursor ', 'wiskott-Aldrich syndrome protein family member 2 ', 'splicing factor 1 ', 'neural Wiskott-Aldrich syndrome protein ', 'histone-lysine N-methyltransferase 2E ']"
HRDLAARNVL,9,"['tyrosine-protein kinase CSK ', 'tyrosine-protein kinase Srms ', 'receptor tyrosine-protein kinase erbB-2 precursor ', 'fibroblast growth factor receptor 1 precursor ', 'tyrosine-protein kinase JAK1 ', 'tyrosine-protein kinase receptor Tie-1 precursor ', 'platelet-derived growth factor receptor alpha precursor ', 'proto-oncogene tyrosine-protein kinase receptor Ret precursor ', 'tyrosine-protein kinase ZAP-70 ']"
GGGGGGGSGG,9,"['fibronectin type III domain-containing protein 3B ', 'collagen alpha-1(XVII) chain ', 'UV excision repair protein RAD23 homolog B ', 'potassium voltage-gated channel subfamily A member 4 ', 'dual specificity mitogen-activated protein kinase kinase 4 ', 'CREB/ATF bZIP transcription factor ', 'uncharacterized protein FAM241A ', 'transcriptional activator protein Pur-alpha ', 'zinc finger SWIM domain-containing protein 8 ']"
GGGGGGGGGA,9,"['fez family zinc finger protein 2 ', 'transcription factor Maf ', 'zinc finger protein ZIC 2 ', 'insulinoma-associated protein 1 ', 'heterogeneous nuclear ribonucleoprotein L ', 'short stature homeobox protein 2 ', 'E3 ubiquitin-protein ligase SIAH2 ', 'serine/arginine-rich splicing factor 1 ', 'proto-oncogene tyrosine-protein kinase Src ']"
DSCQGDSGGP,9,"['granzyme K precursor ', 'urokinase-type plasminogen activator precursor ', 'serine protease 42 precursor ', 'neurotrypsin precursor ', 'transmembrane protease serine 3 ', 'enteropeptidase precursor ', 'plasminogen precursor ', 'cationic trypsin precursor ', 'hyaluronan-binding protein 2 precursor ']"
LYRDVMLENY,8,"['zinc finger protein 33B ', 'zinc finger protein 74 ', 'zinc finger protein 445 ', 'zinc finger protein 350 ', 'izumo sperm-egg fusion protein 2 ', 'zinc finger imprinted 2 ', 'zinc finger protein 266 ', 'zinc finger protein 382 ']"
QRVHTGEKPY,8,"['zinc finger protein 226 ', 'zinc finger protein 621 ', 'zinc finger protein 18 ', 'zinc finger protein 304 ', 'zinc finger and SCAN domain-containing protein 10 ', 'zinc finger protein with KRAB and SCAN domains 5 ', 'zinc finger protein 697 ', 'zinc finger protein 513 ']"
EDEEEEEEEE,8,"['ran GTPase-activating protein 1 ', 'high mobility group protein B3 isoform 1 ', 'zinc finger protein 428 ', 'sodium/potassium/calcium exchanger 1 ', 'reticulon-4 isoform 2 ', 'mesoderm induction early response protein 1 ', 'kinesin-like protein KIF21A ', 'protein timeless homolog ']"
PPPPPPPPAP,8,"['large proline-rich protein BAG6 ', 'leiomodin-2 ', 'WASH complex subunit 1 ', 'histone-lysine N-methyltransferase 2E ', 'disabled homolog 2-interacting protein ', 'glyceraldehyde-3-phosphate dehydrogenase, testis-specific ', 'sine oculis-binding protein homolog ', 'protein atonal homolog 8 ']"
HLRTHTGEKP,8,"['Krueppel-like factor 11 ', 'zinc finger protein 554 ', 'zinc finger and BTB domain-containing protein 24 ', 'Krueppel-like factor 5 ', 'zinc finger protein 263 ', 'Krueppel-like factor 4 ', 'zinc finger and BTB domain-containing protein 48 ', 'zinc finger protein SNAI3 ']"
AAAAAAAAAE,8,"['retinoblastoma-associated protein ', 'pleckstrin homology-like domain family A member 2 ', 'ankyrin repeat domain-containing protein 17 ', 'T-box transcription factor TBX2 ', 'RNA demethylase ALKBH5 ', 'POU domain, class 3, transcription factor 1 ', 'zinc finger protein ZIC 2 ', 'homeobox protein Hox-D11 ']"
DACQGDSGGP,8,"['prostasin precursor ', 'suppressor of tumorigenicity 14 protein homolog ', 'serine protease hepsin ', 'coagulation factor XII precursor ', 'kallikrein-12 precursor ', 'tissue-type plasminogen activator precursor ', 'transmembrane protease serine 11B-like protein ', 'coagulation factor X precursor ']"
PPPPPPPPLP,8,"['wiskott-Aldrich syndrome protein family member 1 ', 'zinc finger homeobox protein 4 ', 'zinc finger protein 341 ', 'proline-rich protein 11 ', 'formin-like protein 2 ', 'F-box only protein 11 ', 'protein diaphanous homolog 3 ', 'potassium voltage-gated channel subfamily H member 2 ']"
GTPYWMAPEV,8,"['misshapen-like kinase 1 ', 'serine/threonine-protein kinase PAK 2 ', 'nik-related protein kinase ', 'mitogen-activated protein kinase kinase kinase kinase 2 ', 'serine/threonine-protein kinase TAO1 ', 'STE20-like serine/threonine-protein kinase ', 'mitogen-activated protein kinase kinase kinase 19 ', 'serine/threonine-protein kinase PAK 7 ']"
EEEEEEEEDD,8,"['nardilysin ', 'mesoderm induction early response protein 1 ', 'kinesin-like protein KIF21A ', 'translocation protein SEC63 homolog ', 'myelin transcription factor 1 ', 'SPRY domain-containing protein 3 ', 'neurogenic differentiation factor 1 ', 'F-box only protein 3 ']"
CEGCKGFFRR,8,"['oxysterols receptor LXR-alpha ', 'peroxisome proliferator-activated receptor gamma ', 'nuclear receptor subfamily 1 group D member 1 ', 'thyroid hormone receptor alpha ', 'nuclear receptor ROR-beta ', 'vitamin D3 receptor ', 'retinoic acid receptor alpha ', 'bile acid receptor ']"
EEDEEEEEEE,8,"['serine/threonine-protein kinase PAK 3 ', 'ran GTPase-activating protein 1 ', 'high mobility group protein B3 isoform 1 ', 'zinc finger protein 428 ', 'sodium/potassium/calcium exchanger 1 ', 'mesoderm induction early response protein 1 ', 'protein timeless homolog ', 'cysteine-rich hydrophobic domain-containing protein 1 ']"
HQRVHTGEKP,8,"['zinc finger protein 613 ', 'zinc finger protein 74 ', 'zinc finger protein 18 ', 'zinc finger protein 304 ', 'zinc finger protein 697 ', 'zinc finger protein 513 ', 'zinc finger and SCAN domain-containing protein 10 ', 'zinc finger protein with KRAB and SCAN domains 5 ']"
SDVWSFGVLL,8,"['megakaryocyte-associated tyrosine-protein kinase ', 'tyrosine-protein kinase Srms ', 'fibroblast growth factor receptor 1 precursor ', 'mitogen-activated protein kinase kinase kinase 11 ', 'hepatocyte growth factor receptor precursor ', 'proto-oncogene tyrosine-protein kinase receptor Ret precursor ', 'vascular endothelial growth factor receptor 2 precursor ', 'tyrosine-protein kinase receptor Tie-1 precursor ']"
EEEEEEEDEE,8,"['AT-rich interactive domain-containing protein 4B ', 'transcription cofactor vestigial-like protein 3 ', 'C-Jun-amino-terminal kinase-interacting protein 2 ', 'protein phosphatase 1 regulatory subunit 1B ', 'E3 ubiquitin-protein ligase HUWE1 ', 'death domain-associated protein 6 ', 'kelch-like protein 33 ', 'histone-lysine N-methyltransferase EHMT2 ']"
RTHTGEKPYK,7,"['Krueppel-like factor 7 ', 'zinc finger protein 567 ', 'Krueppel-like factor 3 ', 'zinc finger protein 263 ', 'zinc finger protein 629 ', 'myoneurin ', 'zinc finger protein 331 ']"
PPGPPGPPGP,7,"['collagen alpha-1(XVII) chain ', 'collagen alpha-1(XV) chain precursor ', 'ectodysplasin-A ', 'EMI domain-containing protein 1 isoform 2 precursor ', 'protein HP-25 homolog 2 precursor ', 'cleavage and polyadenylation specificity factor subunit 6 ', 'collagen alpha-1(II) chain isoform 2 precursor ']"
DVWSFGVLLW,7,"['megakaryocyte-associated tyrosine-protein kinase ', 'fibroblast growth factor receptor 1 precursor ', 'mitogen-activated protein kinase kinase kinase 11 ', 'hepatocyte growth factor receptor precursor ', 'proto-oncogene tyrosine-protein kinase receptor Ret precursor ', 'vascular endothelial growth factor receptor 2 precursor ', 'tyrosine-protein kinase receptor Tie-1 precursor ']"
QVWFQNRRAK,7,"['retina and anterior neural fold homeobox protein 2 ', 'homeobox protein prophet of Pit-1 ', 'LIM/homeobox protein Lhx4 ', 'ALX homeobox protein 1 ', 'homeobox protein orthopedia ', 'homeobox protein ESX1 ', 'short stature homeobox protein ']"
LELLVLEQFL,7,"['zinc finger protein 496 ', 'zinc finger and SCAN domain-containing protein 25 ', 'zinc finger protein 75D ', 'zinc finger protein 215 ', 'zinc finger protein 397 ', 'neurotrophin receptor-interacting factor homolog ', 'zinc finger and SCAN domain-containing protein 10 ']"
HVRTHTGEKP,7,"['zinc finger protein 599 ', 'zinc finger protein 143 ', 'zinc finger protein 891 ', 'myoneurin ', 'early growth response protein 4 ', 'zinc finger and BTB domain-containing protein 49 ', 'zinc finger protein SNAI1 ']"
VHRDLAARNV,7,"['tyrosine-protein kinase CSK ', 'tyrosine-protein kinase Srms ', 'receptor tyrosine-protein kinase erbB-2 precursor ', 'tyrosine-protein kinase JAK1 ', 'platelet-derived growth factor receptor alpha precursor ', 'proto-oncogene tyrosine-protein kinase receptor Ret precursor ', 'tyrosine-protein kinase ZAP-70 ']"
VKIWFQNRRM,7,"['homeobox protein Hox-A10 ', 'homeobox protein DBX2 ', 'homeobox protein Hox-A4 ', 'homeobox protein DBX1 ', 'homeobox protein Hox-B1 ', 'homeobox protein Hox-D12 ', 'homeobox protein Hox-D11 ']"
PGGGGGGGGG,7,"['serine/arginine-rich splicing factor 11 ', 'CREB/ATF bZIP transcription factor ', 'E3 ubiquitin-protein ligase ARIH1 ', 'T-cell leukemia homeobox protein 1 ', 'E3 ubiquitin-protein ligase SIAH2 ', 'glycogen synthase kinase-3 alpha ', 'protocadherin-7 precursor ']"
EPEPEPEPEP,7,"['ras GTPase-activating protein-binding protein 1 ', 'sperm equatorial segment protein 1 precursor ', 'hematopoietic lineage cell-specific protein ', 'Krueppel-like factor 13 ', 'uncharacterized protein LOC508098 ', 'ryanodine receptor 1 ', 'coiled-coil domain-containing protein 96 ']"
LADEMGLGKT,7,"['DNA repair and recombination protein RAD54B ', 'chromodomain-helicase-DNA-binding protein 1 ', 'transcription activator BRG1 ', 'chromodomain-helicase-DNA-binding protein 6 ', 'DNA helicase INO80 ', 'SWI/SNF-related matrix-associated actin-dependent regulator of chromatin subfamily A containing DEAD/H box 1 ', 'probable global transcription activator SNF2L1 ']"
HRDLKPENLL,7,"['calcium/calmodulin-dependent protein kinase type 1G ', 'serine/threonine-protein kinase H1 ', 'calcium/calmodulin-dependent protein kinase type II subunit beta ', 'maternal embryonic leucine zipper kinase ', 'MAP kinase-activated protein kinase 5 ', 'serine/threonine-protein kinase ICK ', 'ribosomal protein S6 kinase alpha-5 ']"
EEEEEEDEEE,7,"['probable global transcription activator SNF2L2 ', 'transcription cofactor vestigial-like protein 3 ', 'C-Jun-amino-terminal kinase-interacting protein 2 ', 'protein phosphatase 1 regulatory subunit 1B ', 'death domain-associated protein 6 ', 'HMG box transcription factor BBX ', 'zinc finger protein AEBP2 ']"
LQQQQQQQQQ,7,"['Golgi apparatus protein 1 precursor ', 'CREB-binding protein ', 'POU domain, class 3, transcription factor 2 ', 'trinucleotide repeat-containing gene 6B protein ', 'PERQ amino acid-rich with GYF domain-containing protein 2 ', 'nuclear receptor corepressor 1 ', 'forkhead box protein P2 ']"
GSGGGGGGGG,7,"['fez family zinc finger protein 2 ', 'tumor protein p63-regulated gene 1-like protein ', 'ras/Rap GTPase-activating protein SynGAP ', 'eukaryotic peptide chain release factor GTP-binding subunit ERF3A ', 'mitogen-activated protein kinase kinase kinase 11 ', 'transcriptional activator protein Pur-alpha ', 'ATP-dependent RNA helicase DHX36 ']"
GPPGPPGPPG,7,"['collagen alpha-1(XVII) chain ', 'collagen alpha-1(XV) chain precursor ', 'complement C1q tumor necrosis factor-related protein 3 precursor ', 'ectodysplasin-A ', 'EMI domain-containing protein 1 isoform 2 precursor ', 'protein HP-25 homolog 2 precursor ', 'collagen alpha-1(II) chain isoform 2 precursor ']"
RDLAARNVLV,7,"['tyrosine-protein kinase CSK ', 'tyrosine-protein kinase Srms ', 'receptor tyrosine-protein kinase erbB-2 precursor ', 'fibroblast growth factor receptor 1 precursor ', 'tyrosine-protein kinase JAK1 ', 'proto-oncogene tyrosine-protein kinase receptor Ret precursor ', 'tyrosine-protein kinase receptor Tie-1 precursor ']"
PAAAAAAAAA,7,"['A disintegrin and metalloproteinase with thrombospondin motifs 1 ', 'protein FAM222A ', 'protein kinase C-binding protein 1 ', 'zinc finger protein ZIC 2 ', 'ankyrin repeat domain-containing protein 17 ', 'myotubularin-related protein 1 ', 'retinoic acid receptor RXR-beta ']"
GEEEEEEEEE,7,"['YTH domain-containing protein 1 ', 'histone-lysine N-methyltransferase SETD1A ', 'testis-expressed sequence 2 protein ', 'neurogenic differentiation factor 2 ', 'RNA-binding protein 10 ', 'SPRY domain-containing protein 3 ', 'acidic leucine-rich nuclear phosphoprotein 32 family member E ']"
VHCSAGVGRT,7,"['receptor-type tyrosine-protein phosphatase F precursor ', 'phosphotidylinositol phosphatase PTPRQ precursor ', 'receptor-type tyrosine-protein phosphatase epsilon ', 'receptor-type tyrosine-protein phosphatase zeta precursor ', 'receptor-type tyrosine-protein phosphatase C precursor ', 'receptor-type tyrosine-protein phosphatase beta ', 'tyrosine-protein phosphatase non-receptor type 14 ']"
ILADEMGLGK,7,"['DNA repair and recombination protein RAD54B ', 'chromodomain-helicase-DNA-binding protein 1 ', 'transcription activator BRG1 ', 'chromodomain-helicase-DNA-binding protein 6 ', 'DNA helicase INO80 ', 'SWI/SNF-related matrix-associated actin-dependent regulator of chromatin subfamily A containing DEAD/H box 1 ', 'probable global transcription activator SNF2L1 ']"
ASSSSSSSSS,7,"['pro-neuregulin-3, membrane-bound isoform ', 'chromodomain-helicase-DNA-binding protein 9 ', 'tubulin polyglutamylase TTLL4 ', 'peroxisome proliferator-activated receptor gamma coactivator-related protein 1 ', 'leucine zipper putative tumor suppressor 2 ', 'calcium-activated potassium channel subunit alpha-1 ', 'transcription factor SOX-4 ']"
VWSFGVLLWE,7,"['megakaryocyte-associated tyrosine-protein kinase ', 'fibroblast growth factor receptor 1 precursor ', 'mitogen-activated protein kinase kinase kinase 11 ', 'hepatocyte growth factor receptor precursor ', 'proto-oncogene tyrosine-protein kinase receptor Ret precursor ', 'vascular endothelial growth factor receptor 2 precursor ', 'tyrosine-protein kinase receptor Tie-1 precursor ']"
HCSAGVGRTG,7,"['receptor-type tyrosine-protein phosphatase F precursor ', 'phosphotidylinositol phosphatase PTPRQ precursor ', 'receptor-type tyrosine-protein phosphatase epsilon ', 'receptor-type tyrosine-protein phosphatase zeta precursor ', 'receptor-type tyrosine-protein phosphatase C precursor ', 'receptor-type tyrosine-protein phosphatase beta ', 'tyrosine-protein phosphatase non-receptor type 14 ']"
PSSSSSSSSS,7,"['chromodomain-helicase-DNA-binding protein 8 ', 'calmodulin-binding transcription activator 2 ', 'homeobox protein Nkx-6.1 ', 'nuclear receptor subfamily 1 group D member 1 ', 'neuronal PAS domain-containing protein 1 ', 'ran-binding protein 10 ', 'SH2 domain-containing adapter protein E ']"
THTGEKPYKC,7,"['Krueppel-like factor 7 ', 'zinc finger protein 567 ', 'Krueppel-like factor 3 ', 'zinc finger protein 263 ', 'zinc finger protein 629 ', 'myoneurin ', 'zinc finger protein 331 ']"
SEEEEEEEEE,7,"['SET and MYND domain-containing protein 5 ', 'PHD finger protein 23 ', 'cyclin-dependent kinase 11B ', 'transcription activator BRG1 ', 'pseudouridylate synthase 7 homolog ', 'death domain-associated protein 6 ', 'histone-lysine N-methyltransferase EHMT2 ']"
PEPEPEPEPE,7,"['ras GTPase-activating protein-binding protein 1 ', 'sperm equatorial segment protein 1 precursor ', 'hematopoietic lineage cell-specific protein ', 'Krueppel-like factor 13 ', 'uncharacterized protein LOC508098 ', 'ryanodine receptor 1 ', 'coiled-coil domain-containing protein 96 ']"
EGCKGFFRRS,6,"['oxysterols receptor LXR-alpha ', 'nuclear receptor subfamily 1 group D member 1 ', 'nuclear receptor ROR-beta ', 'vitamin D3 receptor ', 'retinoic acid receptor alpha ', 'bile acid receptor ']"
GGGGGGGGGT,6,"['calpain small subunit 1 ', 'serine/arginine-rich splicing factor 11 ', 'ankyrin repeat domain-containing protein 17 ', 'desmoplakin ', 'T-cell leukemia homeobox protein 1 ', 'zinc finger protein 384 ']"
ILELLVLEQF,6,"['zinc finger protein 496 ', 'zinc finger and SCAN domain-containing protein 25 ', 'zinc finger protein 75D ', 'zinc finger protein 215 ', 'zinc finger protein 397 ', 'zinc finger and SCAN domain-containing protein 10 ']"
PPGTGKTLLA,6,"['AFG3-like protein 2 ', 'peroxisome biogenesis factor 1 ', 'katanin p60 ATPase-containing subunit A-like 2 ', 'ATP-dependent zinc metalloprotease YME1L1 ', '26S proteasome regulatory subunit 8 ', 'peroxisome biogenesis factor 6 ']"
GPPGTGKTLL,6,"['AFG3-like protein 2 ', 'peroxisome biogenesis factor 1 ', 'katanin p60 ATPase-containing subunit A-like 2 ', 'ATP-dependent zinc metalloprotease YME1L1 ', '26S proteasome regulatory subunit 8 ', 'peroxisome biogenesis factor 6 ']"
HIRTHTGEKP,6,"['metal regulatory transcription factor 1 ', 'putative histone-lysine N-methyltransferase PRDM6 ', 'early growth response protein 1 ', 'zinc finger and BTB domain-containing protein 7A ', 'zinc finger protein SNAI2 ', 'transcriptional repressor CTCFL ']"
HQRIHTGERP,6,"['zinc finger protein 629 ', 'zinc finger protein 398 ', 'zinc finger protein 674 ', 'zinc finger protein ZFP69 ', 'zinc finger protein 397 ', 'zinc finger protein 775 ']"
QQQQQQQQQP,6,"['tensin-1 ', 'Golgi apparatus protein 1 precursor ', 'THAP domain-containing protein 11 ', 'pleckstrin homology-like domain family A member 1 ', 'atrophin-1 ', 'forkhead box protein P2 ']"
KSDVWSFGVL,6,"['megakaryocyte-associated tyrosine-protein kinase ', 'tyrosine-protein kinase Srms ', 'tyrosine-protein kinase SYK ', 'hepatocyte growth factor receptor precursor ', 'tyrosine-protein kinase receptor Tie-1 precursor ', 'tyrosine-protein kinase ITK/TSK ']"
VQVWFQNRRA,6,"['retina and anterior neural fold homeobox protein 2 ', 'LIM/homeobox protein Lhx4 ', 'ALX homeobox protein 1 ', 'homeobox protein orthopedia ', 'homeobox protein ESX1 ', 'short stature homeobox protein ']"
SSSSSSSSST,6,"['chromodomain-helicase-DNA-binding protein 8 ', 'tubulin polyglutamylase TTLL4 ', 'homeobox protein Nkx-6.1 ', 'protein AF-9 ', 'pro-neuregulin-3, membrane-bound isoform ', 'pinin ']"
YGPPGTGKTL,6,"['peroxisome biogenesis factor 1 ', 'transitional endoplasmic reticulum ATPase ', 'ATPase family AAA domain-containing protein 3 ', 'katanin p60 ATPase-containing subunit A-like 2 ', 'ATPase family AAA domain-containing protein 2B ', '26S proteasome regulatory subunit 8 ']"
EEEDEEEEEE,6,"['serine/threonine-protein kinase PAK 3 ', 'ran GTPase-activating protein 1 ', 'terminal uridylyltransferase 7 ', 'zinc finger protein 428 ', 'sodium/potassium/calcium exchanger 1 ', 'protein timeless homolog ']"
HRDLAARNIL,6,"['megakaryocyte-associated tyrosine-protein kinase ', 'ephrin type-B receptor 1 precursor ', 'angiopoietin-1 receptor precursor ', 'vascular endothelial growth factor receptor 1 precursor ', 'mast/stem cell growth factor receptor Kit precursor ', 'protein-tyrosine kinase 6 ']"
THTGEKPYRC,6,"['Krueppel-like factor 6 ', 'zinc finger protein 143 ', 'zinc finger protein 322 ', 'zinc finger protein 286A ', 'myeloid zinc finger 1 ', 'zinc finger protein 513 ']"
QILELLVLEQ,6,"['zinc finger protein 496 ', 'zinc finger and SCAN domain-containing protein 25 ', 'zinc finger protein 75D ', 'zinc finger protein 215 ', 'zinc finger protein 397 ', 'zinc finger and SCAN domain-containing protein 10 ']"
EEEEEEDEDE,6,"['bromodomain-containing protein 2 ', 'reticulon-4 isoform 2 ', 'biorientation of chromosomes in cell division protein 1-like 1 ', 'high mobility group protein B2 ', 'phosphatase and actin regulator 1 ', 'acidic leucine-rich nuclear phosphoprotein 32 family member E ']"
HLRIHTGEKP,6,"['zinc finger protein 75D ', 'zinc finger protein 410 isoform 1 ', 'B-cell lymphoma 6 protein ', 'zinc finger protein 350 ', 'zinc finger and SCAN domain-containing protein 26 ', 'zinc finger protein 329 ']"
HTGEKPYECN,6,"['zinc finger and BTB domain-containing protein 16 ', 'zinc finger protein 567 ', 'zinc finger and SCAN domain-containing protein 30 ', 'zinc finger protein 891 ', 'zinc finger and BTB domain-containing protein 7A ', 'zinc finger protein ZFP69 ']"
PLPPPPPPPP,6,"['proline-rich protein 11 ', 'zinc finger and BTB domain-containing protein 7B ', 'RING finger protein 44 ', 'carcinoembryonic antigen-related cell adhesion molecule 19 precursor ', 'proline-rich membrane anchor 1 precursor ', 'ras association domain-containing protein 5 ']"
HRRTHTGEKP,6,"['zinc finger protein 394 ', 'zinc finger protein 652 ', 'zinc finger protein 205 ', 'Krueppel-like factor 3 ', 'zinc finger protein 629 ', 'zinc finger protein 133 ']"
RRTHTGEKPY,6,"['zinc finger protein 394 ', 'zinc finger protein 652 ', 'zinc finger protein 205 ', 'Krueppel-like factor 3 ', 'zinc finger protein 629 ', 'zinc finger protein 133 ']"
PPPPPPPPGP,6,"['wiskott-Aldrich syndrome protein family member 2 ', 'adenylyl cyclase-associated protein 2 ', 'suppressor of cytokine signaling 7 ', 'WAS/WASL-interacting protein family member 2 ', 'neural Wiskott-Aldrich syndrome protein ', 'zinc finger CCCH domain-containing protein 4 ']"
RRIHTGERPY,6,"['replication initiator 1 ', 'zinc finger protein 613 ', 'zinc finger protein 777 ', 'zinc finger protein 574 ', 'zinc finger protein LOC509810 ', 'myeloid zinc finger 1 ']"
EEEEEDEEEE,6,"['ran GTPase-activating protein 1 ', 'transcription cofactor vestigial-like protein 3 ', 'C-Jun-amino-terminal kinase-interacting protein 2 ', 'protein phosphatase 1 regulatory subunit 1B ', 'zinc finger protein AEBP2 ', 'protein virilizer homolog ']"
ACQGDSGGPL,6,"['prostasin precursor ', 'suppressor of tumorigenicity 14 protein homolog ', 'coagulation factor XII precursor ', 'kallikrein-12 precursor ', 'tissue-type plasminogen activator precursor ', 'transmembrane protease serine 11B-like protein ']"
QVKVWFQNRR,6,"['H2.0-like homeobox protein ', 'ventral anterior homeobox 1 ', 'homeobox protein Nkx-6.1 ', 'homeobox protein MOX-1 ', 'homeobox protein EMX2 ', 'homeobox protein Hox-B2 ']"
EEEEEEEEES,6,"['histone-lysine N-methyltransferase SETD1A ', 'G patch domain-containing protein 3 ', 'probable RNA-binding protein 19 ', 'protein PROCA1 ', 'deoxynucleotidyltransferase terminal-interacting protein 2 ', 'disintegrin and metalloproteinase domain-containing protein 1b ']"
VVHCSAGVGR,6,"['receptor-type tyrosine-protein phosphatase F precursor ', 'receptor-type tyrosine-protein phosphatase epsilon ', 'receptor-type tyrosine-protein phosphatase zeta precursor ', 'receptor-type tyrosine-protein phosphatase C precursor ', 'receptor-type tyrosine-protein phosphatase beta ', 'tyrosine-protein phosphatase non-receptor type 14 ']"
PGPPGPPGPP,6,"['collagen alpha-1(XVII) chain ', 'collagen alpha-1(XV) chain precursor ', 'EMI domain-containing protein 1 isoform 2 precursor ', 'protein HP-25 homolog 2 precursor ', 'cleavage and polyadenylation specificity factor subunit 6 ', 'collagen alpha-1(II) chain isoform 2 precursor ']"
EEEEEEGEEE,6,"['transmembrane protein 132A precursor ', 'ran GTPase-activating protein 1 ', 'protamine-3 ', 'acidic leucine-rich nuclear phosphoprotein 32 family member A ', 'ryanodine receptor 1 ', 'coiled-coil domain-containing protein 96 ']"
GGGGGGGGGR,6,"['ubiquinol-cytochrome-c reductase complex assembly factor 3 ', 'transformer-2 protein homolog alpha ', 'splicing factor U2AF 35 kDa subunit ', 'transcription factor LBX1 ', 'ATP-dependent RNA helicase DHX36 ', 'apelin receptor ']"
RTHTGEKPYR,6,"['Krueppel-like factor 6 ', 'zinc finger protein 143 ', 'zinc finger protein 322 ', 'zinc finger protein 286A ', 'myeloid zinc finger 1 ', 'zinc finger protein 513 ']"
DTAGQERFRS,6,"['ras-related protein Rab-27B ', 'ras-related protein Rab-26 ', 'ras-related protein Rab-9A ', 'ras-related protein Rab-39B ', 'ras and EF-hand domain-containing protein ', 'ras-related protein Rab-6B ']"
HRRIHTGERP,6,"['replication initiator 1 ', 'zinc finger protein 613 ', 'zinc finger protein 777 ', 'zinc finger protein 574 ', 'zinc finger protein LOC509810 ', 'myeloid zinc finger 1 ']"
EEEEEEEDDD,5,"['nardilysin ', 'dematin ', 'myelin transcription factor 1 ', 'neurogenic differentiation factor 1 ', 'F-box only protein 3 ']"
SSASSSSSSS,5,"['RNA-binding protein MEX3A ', 'hepatoma-derived growth factor-related protein 2 ', 'chromodomain-helicase-DNA-binding protein 9 ', 'ETS domain-containing transcription factor ERF ', 'transcription factor SOX-4 ']"
LEEEEEEEEE,5,"['histone deacetylase 5 ', 'protein ATP1B4 ', 'polycomb group RING finger protein 6 ', 'uncharacterized protein LOC511259 ', 'neurogenic differentiation factor 1 ']"
QRIHTGERPY,5,"['zinc finger protein 397 ', 'zinc finger protein 398 ', 'zinc finger protein 674 ', 'zinc finger protein 775 ', 'zinc finger protein ZFP69 ']"
PPPPPPLPPP,5,"['wiskott-Aldrich syndrome protein family member 1 ', 'proline-rich protein 11 ', 'delphilin ', 'zinc finger protein 341 ', 'probable E3 ubiquitin-protein ligase DTX3 ']"
IHTGEKPYVC,5,"['replication initiator 1 ', 'zinc finger protein 205 ', 'zinc finger protein 345 ', 'neurotrophin receptor-interacting factor homolog ', 'zinc finger protein 143 ']"
PPPPLLLLLL,5,"['alpha-2-macroglobulin receptor-associated protein precursor ', 'peptidyl-prolyl cis-trans isomerase FKBP9 precursor ', 'puromycin-sensitive aminopeptidase ', 'noelin-2 precursor ', 'N-acetylglucosamine-6-sulfatase precursor ']"
GPGGGGGGGG,5,"['E3 ubiquitin-protein ligase ARIH1 ', 'E3 ubiquitin-protein ligase SIAH2 ', 'serine/arginine-rich splicing factor 11 ', 'T-cell leukemia homeobox protein 1 ', 'hepatocyte nuclear factor 3-alpha ']"
RIHTGEKPFK,5,"['zinc finger protein 75D ', 'zinc finger and SCAN domain-containing protein 26 ', 'zinc finger protein 677 ', 'zinc finger protein with KRAB and SCAN domains 2 ', 'zinc finger protein 354A ']"
AYGQTGSGKT,5,"['chromosome-associated kinesin KIF4A ', 'kinesin-like protein KIF27 ', 'kinesin-like protein KIF15 ', 'kinesin-like protein KIF2B ', 'kinesin-like protein KIFC1 ']"
PPPPPPPPPQ,5,"['adenomatous polyposis coli protein ', 'protein FAM222A ', 'protein virilizer homolog ', 'RNA-binding protein 20 ', 'brain-specific angiogenesis inhibitor 1 precursor ']"
GDSGGPLVCQ,5,"['plasma kallikrein precursor ', 'chymotrypsinogen B precursor ', 'serine protease 42 precursor ', 'complement factor I precursor ', 'transmembrane protease serine 3 ']"
LLLLLLLLPP,5,"['testicular acid phosphatase precursor ', 'orexin-A precursor ', 'cadherin-22 precursor ', 'cation-independent mannose-6-phosphate receptor precursor ', 'arylsulfatase B precursor ']"
PPPPPPPGPP,5,"['wiskott-Aldrich syndrome protein family member 2 ', 'neural Wiskott-Aldrich syndrome protein ', 'adenylyl cyclase-associated protein 2 ', 'WAS/WASL-interacting protein family member 2 ', 'zinc finger CCCH domain-containing protein 4 ']"
GGAGGGGGGG,5,"['eomesodermin homolog ', 'zinc finger protein ZIC 2 ', 'short stature homeobox protein 2 ', 'homeobox protein SIX3 ', 'homeobox protein Hox-D11 ']"
DEMGLGKTIQ,5,"['SWI/SNF-related matrix-associated actin-dependent regulator of chromatin subfamily A containing DEAD/H box 1 ', 'transcription activator BRG1 ', 'chromodomain-helicase-DNA-binding protein 6 ', 'chromodomain-helicase-DNA-binding protein 1 ', 'DNA excision repair protein ERCC-6 ']"
LLYGPPGTGK,5,"['replication factor C subunit 5 ', 'katanin p60 ATPase-containing subunit A-like 2 ', 'peroxisome biogenesis factor 1 ', 'transitional endoplasmic reticulum ATPase ', '26S proteasome regulatory subunit 8 ']"
PYRDSKLTRL,5,"['chromosome-associated kinesin KIF4A ', 'kinesin-like protein KIF22 ', 'kinesin-like protein KIF18B ', 'kinesin-like protein KIF21A ', 'kinesin-like protein KIF3C ']"
RVQVWFQNRR,5,"['homeobox protein ESX1 ', 'ALX homeobox protein 1 ', 'retina and anterior neural fold homeobox protein 2 ', 'homeobox protein orthopedia ', 'short stature homeobox protein ']"
LQLWDTAGQE,5,"['ras-related protein Rab-27B ', 'ras-related protein Rab-34 ', 'ras-related protein Rab-6B ', 'ras-related protein Rab-39A ', 'ras and EF-hand domain-containing protein ']"
KRPMNAFMVW,5,"['transcription factor SOX-6 ', 'transcription factor SOX-30 ', 'transcription factor SOX-4 ', 'protein SOX-15 ', 'transcription factor SOX-14 ']"
IHTGEKPFKC,5,"['zinc finger protein 75D ', 'zinc finger and SCAN domain-containing protein 26 ', 'zinc finger protein 215 ', 'zinc finger protein with KRAB and SCAN domains 2 ', 'zinc finger protein 184 ']"
QLWDTAGQER,5,"['ras-related protein Rab-27B ', 'ras-related protein Rab-34 ', 'ras-related protein Rab-6B ', 'ras and EF-hand domain-containing protein ', 'ras-related protein Rab-33B ']"
GAGGGGGGGG,5,"['calpain small subunit 1 ', 'T-cell acute lymphocytic leukemia protein 1 ', 'eomesodermin homolog ', 'zinc finger CCCH-type antiviral protein 1-like ', 'homeobox protein Hox-D11 ']"
GLPGPPGPPG,5,"['protein HP-25 homolog 2 precursor ', 'collagen alpha-1(XVII) chain ', 'collagen alpha-1(XV) chain precursor ', 'collagen alpha-1(II) chain isoform 2 precursor ', 'complement C1q tumor necrosis factor-related protein 7 precursor ']"
RTHTGEKPYE,5,"['zinc finger protein 567 ', 'zinc finger protein 165 ', 'zinc finger and BTB domain-containing protein 7A ', 'zinc finger protein 891 ', 'zinc finger protein 629 ']"
AAAAAAAAAV,5,"['transmembrane protein 158 precursor ', 'zinc finger protein ZIC 2 ', 'RNA-binding protein 4 ', 'RNA-binding protein 47 ', 'la-related protein 4 ']"
VATRWYRAPE,5,"['mitogen-activated protein kinase 14 ', 'mitogen-activated protein kinase 7 ', 'cyclin-dependent kinase 20 ', 'mitogen-activated protein kinase 15 ', 'cyclin-dependent kinase-like 3 ']"
EEEEEDEDEE,5,"['high mobility group protein B2 ', 'leiomodin-2 ', 'biorientation of chromosomes in cell division protein 1-like 1 ', 'bromodomain-containing protein 2 ', 'myelin transcription factor 1-like protein ']"
NEEEEEEEEE,5,"['myelin transcription factor 1 ', 'serine/threonine-protein kinase TAO2 ', 'tyrosine-protein kinase BAZ1B ', 'C-Jun-amino-terminal kinase-interacting protein 2 ', 'cysteine-rich hydrophobic domain-containing protein 1 ']"
NSIRHNLSLN,5,"['forkhead box protein C2 ', 'forkhead box protein L2 ', 'forkhead box protein J2 ', 'forkhead box protein J1 ', 'forkhead box protein I1 ']"
FAYGQTGSGK,5,"['kinesin-like protein KIFC1 ', 'kinesin-like protein KIF27 ', 'kinesin-like protein KIF15 ', 'kinesin-like protein KIF17 ', 'kinesin-like protein KIF2B ']"
TPYWMAPEVI,5,"['misshapen-like kinase 1 ', 'serine/threonine-protein kinase TAO1 ', 'mitogen-activated protein kinase kinase kinase 19 ', 'nik-related protein kinase ', 'serine/threonine-protein kinase PAK 7 ']"
LWDTAGQERF,5,"['ras-related protein Rab-27B ', 'ras-related protein Rab-34 ', 'ras-related protein Rab-6B ', 'ras and EF-hand domain-containing protein ', 'ras-related protein Rab-33B ']"
VRTHTGEKPY,5,"['zinc finger and BTB domain-containing protein 49 ', 'zinc finger protein 891 ', 'myoneurin ', 'zinc finger protein 555 ', 'zinc finger protein 143 ']"
PPPLPPPPPP,5,"['B-cell CLL/lymphoma 9-like protein ', 'SH2B adapter protein 1 ', 'proline-rich membrane anchor 1 precursor ', 'zinc finger protein 341 ', 'proline-rich protein 11 ']"
WDTAGQERFR,5,"['ras-related protein Rab-8A ', 'ras-related protein Rab-6B ', 'ras-related protein Rab-9A ', 'ras-related protein Rab-33A ', 'ras and EF-hand domain-containing protein ']"
LRTHTGEKPY,5,"['Krueppel-like factor 5 ', 'zinc finger protein SNAI3 ', 'zinc finger protein 554 ', 'zinc finger protein 263 ', 'Krueppel-like factor 4 ']"
LYREVMLENY,5,"['zinc finger protein 621 ', 'neurotrophin receptor-interacting factor homolog ', 'zinc finger protein 655 ', 'zinc finger protein 133 ', 'zinc finger protein ZFP69 ']"
GGGGGGGGPG,5,"['E3 ubiquitin-protein ligase ARIH1 ', 'eomesodermin homolog ', 'glycogen synthase kinase-3 alpha ', 'T-box transcription factor TBX2 ', 'homeobox protein Hox-D11 ']"
YRDSKLTRLL,5,"['chromosome-associated kinesin KIF4A ', 'kinesin-like protein KIF22 ', 'kinesin-like protein KIF18B ', 'kinesin-like protein KIF21A ', 'kinesin-like protein KIF3C ']"
GGGGGGGGAG,5,"['E3 ubiquitin-protein ligase SIAH2 ', 'heterogeneous nuclear ribonucleoprotein L ', 'zinc finger protein ZIC 2 ', 'adenylate cyclase type 1 ', 'short stature homeobox protein 2 ']"
GPIVVHCSAG,5,"['receptor-type tyrosine-protein phosphatase C precursor ', 'receptor-type tyrosine-protein phosphatase epsilon ', 'receptor-type tyrosine-protein phosphatase kappa precursor ', 'tyrosine-protein phosphatase non-receptor type 1 ', 'tyrosine-protein phosphatase non-receptor type 7 ']"
FIHRDLAARN,5,"['activated CDC42 kinase 1 ', 'angiopoietin-1 receptor precursor ', 'cytoplasmic tyrosine-protein kinase BMX ', 'tyrosine-protein kinase receptor TYRO3 precursor ', 'tyrosine-protein kinase ABL1 ']"
SDVWSFGILL,5,"['tyrosine-protein kinase Fyn ', 'tyrosine-protein kinase CSK ', 'fibroblast growth factor receptor 4 precursor ', 'platelet-derived growth factor receptor beta precursor ', 'tyrosine-protein kinase Fer ']"
SSSSSSSSTS,5,"['homeobox protein Nkx-6.1 ', 'zinc finger CCHC domain-containing protein 10 ', 'pinin ', 'chromobox protein homolog 2 ', 'protein AF-9 ']"
HTGEKPYRCS,5,"['zinc finger protein 350 ', 'zinc finger protein 383 ', 'zinc finger protein 572 ', 'Krueppel-like factor 6 ', 'zinc finger protein 143 ']"
PPPPPPPLPP,5,"['wiskott-Aldrich syndrome protein family member 1 ', 'zinc finger homeobox protein 4 ', 'delphilin ', 'zinc finger protein 341 ', 'proline-rich protein 11 ']"
GGGGGGGGSS,5,"['calcium-activated potassium channel subunit alpha-1 ', 'interleukin enhancer-binding factor 3 ', 'eukaryotic peptide chain release factor GTP-binding subunit ERF3A ', 'early growth response protein 1 ', 'ribonucleoprotein PTB-binding 1 ']"
RDRDRDRDRE,5,"['negative elongation factor E ', ""pre-mRNA 3'-end-processing factor FIP1 "", 'cleavage and polyadenylation specificity factor subunit 6 ', 'eukaryotic translation initiation factor 3 subunit A ', 'U1 small nuclear ribonucleoprotein 70 kDa ']"
VEEEEEEEEE,5,"['AT-rich interactive domain-containing protein 4B ', 'RRP12-like protein ', 'disintegrin and metalloproteinase domain-containing protein 1b ', 'connector enhancer of kinase suppressor of ras 2 ', 'DBIRD complex subunit ZNF326 ']"
HHHHHHHHHP,5,"['heart- and neural crest derivatives-expressed protein 1 ', 'transcription cofactor vestigial-like protein 3 ', 'transcriptional repressor protein YY1 ', 'hepatocyte nuclear factor 6 ', 'voltage-dependent P/Q-type calcium channel subunit alpha-1A ']"
THTGEKPYEC,5,"['zinc finger protein 567 ', 'zinc finger protein 165 ', 'zinc finger and BTB domain-containing protein 7A ', 'zinc finger protein 891 ', 'zinc finger protein 629 ']"
DDEEEEEEEE,5,"['nardilysin ', 'nucleolin ', 'amyloid beta A4 precursor protein-binding family B member 1 ', 'eukaryotic translation initiation factor 3 subunit D ', 'serine/threonine-protein phosphatase 4 regulatory subunit 3B ']"
GGGGGGSGGG,5,"['potassium voltage-gated channel subfamily A member 4 ', 'dual specificity mitogen-activated protein kinase kinase 4 ', 'fibronectin type III domain-containing protein 3B ', 'CREB/ATF bZIP transcription factor ', 'transcriptional activator protein Pur-alpha ']"
LIKHQRTHTG,5,"['zinc finger protein 350 ', 'zinc finger protein 75D ', 'histone-lysine N-methyltransferase PRDM9 ', 'zinc finger protein 394 ', 'zinc finger protein 514 ']"
IRTHTGEKPF,5,"['zinc finger protein SNAI2 ', 'putative histone-lysine N-methyltransferase PRDM6 ', 'early growth response protein 1 ', 'transcriptional repressor CTCFL ', 'metal regulatory transcription factor 1 ']"
LYGPPGTGKT,5,"['replication factor C subunit 5 ', 'katanin p60 ATPase-containing subunit A-like 2 ', 'peroxisome biogenesis factor 1 ', 'transitional endoplasmic reticulum ATPase ', '26S proteasome regulatory subunit 8 ']"
EEEEDEEEEE,5,"['protein phosphatase 1 regulatory subunit 1B ', 'transcription cofactor vestigial-like protein 3 ', 'sodium/potassium/calcium exchanger 1 ', 'ran GTPase-activating protein 1 ', 'terminal uridylyltransferase 7 ']"
GSAAAAAAAA,5,"['zinc finger protein 703 ', 'pre-B-cell leukemia transcription factor 2 ', 'GS homeobox 2 ', 'ventral anterior homeobox 1 ', 'zinc finger protein ZIC 2 ']"
GPPGPQGPPG,5,"['acetylcholinesterase collagenic tail peptide ', 'collagen alpha-1(XVII) chain ', 'ectodysplasin-A ', 'collagen alpha-1(IV) chain precursor ', 'collagen alpha-1(XVIII) chain precursor ']"
QRIHTGEKPF,5,"['zinc finger protein with KRAB and SCAN domains 5 ', 'zinc finger protein 35 ', 'zinc finger protein 677 ', 'zinc finger protein with KRAB and SCAN domains 2 ', 'zinc finger protein ZFP69 ']"
PPLLLLLLLL,5,"['serine protease HTRA1 precursor ', 'N-acetylglucosamine-6-sulfatase precursor ', 'A disintegrin and metalloproteinase with thrombospondin motifs 8 precursor ', 'thioredoxin domain-containing protein 5 precursor ', 'alpha-2-macroglobulin receptor-associated protein precursor ']"
PPPPGPPPPP,5,"['wiskott-Aldrich syndrome protein family member 2 ', 'neural Wiskott-Aldrich syndrome protein ', 'WAS/WASL-interacting protein family member 2 ', 'adenylyl cyclase-associated protein 1 ', 'vasodilator-stimulated phosphoprotein ']"
EEEEEEEEGE,5,"['SET and MYND domain-containing protein 5 ', 'anion exchange protein 3 ', 'ran GTPase-activating protein 1 ', 'ryanodine receptor 1 ', 'connector enhancer of kinase suppressor of ras 2 ']"
FYAPWCGHCK,5,"['protein disulfide-isomerase A6 precursor ', 'protein disulfide-isomerase precursor ', 'protein disulfide-isomerase A3 precursor ', 'thioredoxin domain-containing protein 5 precursor ', 'protein disulfide-isomerase TMX3 precursor ']"
KHQRTHTGEK,5,"['zinc finger protein 350 ', 'zinc finger protein 394 ', 'histone-lysine N-methyltransferase PRDM9 ', 'zinc finger protein 514 ', 'zinc finger protein 48 ']"
SGSSSSSSSS,5,"['homeobox protein Nkx-6.1 ', 'chromodomain-helicase-DNA-binding protein 9 ', 'histone-lysine N-methyltransferase SETD1A ', 'polyhomeotic-like protein 2 ', 'cyclin-T2 ']"
IKHQRTHTGE,5,"['zinc finger protein 350 ', 'zinc finger protein 75D ', 'histone-lysine N-methyltransferase PRDM9 ', 'zinc finger protein 394 ', 'zinc finger protein 514 ']"
PPPPPGPPPP,5,"['wiskott-Aldrich syndrome protein family member 2 ', 'neural Wiskott-Aldrich syndrome protein ', 'WAS/WASL-interacting protein family member 2 ', 'adenylyl cyclase-associated protein 1 ', 'vasodilator-stimulated phosphoprotein ']"
HQRTHTGERP,5,"['zinc finger protein 774 ', 'neurotrophin receptor-interacting factor homolog ', 'zinc finger protein 628 ', 'zinc finger protein LOC768229 ', 'zinc finger protein 777 ']"
TQVKIWFQNR,5,"['homeobox protein Nkx-2.5 ', 'homeobox protein Hox-B1 ', 'homeobox protein Nkx-3.2 ', 'homeobox protein DLX-2 ', 'homeobox protein MSX-2 ']"
GSSSSSSSSS,5,"['homeobox protein Nkx-6.1 ', 'endoplasmic reticulum membrane sensor NFE2L1 ', 'histone-lysine N-methyltransferase SETD1A ', 'AT-rich interactive domain-containing protein 3B ', 'interferon regulatory factor 9 ']"
KLSRALRYYY,5,"['GA-binding protein alpha chain ', 'Friend leukemia integration 1 transcription factor ', 'ETS translocation variant 3 ', 'ETS domain-containing protein Elk-1 ', 'ETS-related transcription factor Elf-5 ']"
