k-mer,number of proteins,all
EEEEEEEEEE,43,"['Daxx', 'Esf1', 'Tonsl', 'Diexf', 'Catip', 'Neurod1', 'Slc24a1', 'Clstn1', 'Phf23', 'Fbxw7', 'Mum1', 'Safb', 'Ppargc1b', 'Cnksr2', 'Scaf1', 'Kcna4', 'Smarca4', 'Eid3', 'Nlrp6', 'Plppr3', 'Homez', 'Eif3d', 'Timeless', 'Camk4', 'Mterf4', 'Znf830', 'Prg2', 'Myt1l', 'Zeb1', 'Ythdc1', 'Nrdc', 'Zbtb4', 'Tprn', 'Trim26', 'Pelp1', 'Mical1', 'Nob1', 'Babam1', 'Slc4a3', 'Tspoap1', 'Ibsp', 'Ina', 'Taok2']"
QQQQQQQQQQ,26,"['Nfat5', 'Bhlha15', 'Clock', 'Arhgap17', 'Aak1', 'Irf2bpl', 'Foxp2', 'Agbl5', 'Tob1', 'Hcn1', 'Irs1', 'Ier5l', 'Bsn', 'Kcnn3', 'Mink1', 'Nr3c1', 'Arnt', 'Nono', 'Phlpp1', 'Crebbp', 'Pou3f2', 'Chga', 'Ar', 'Tox3', 'Myocd', 'Numbl']"
SSSSSSSSSS,23,"['Arl6ip4', 'Zcchc10', 'Edc4', 'Nr1d1', 'Lzts2', 'Nkx6-1', 'Prr13', 'Prkd2', 'Fgf10', 'Syn2', 'Spats1', 'Cir1', 'Jmjd6', 'Nap1l3', 'Brd2', 'Ing3', 'Naf1', 'Ddit4', 'Hdgfl2', 'Chd8', 'Nolc1', 'Kcnma1', 'Tshz3']"
AAAAAAAAAA,23,"['Tle4', 'Fev', 'Ptbp2', 'Clasrp', 'Nkx6-1', 'Bhlhb3', 'Irf2bpl', 'Snph', 'Gata6', 'Skor1', 'Tmem158', 'Gdf11', 'Midn', 'Zfr', 'Puf60', 'Pou3f1', 'Rbm47', 'Arx', 'Ascl1', 'Pou4f1', 'Hand2', 'Nlk', 'Alkbh5']"
PPPPPPPPPP,19,"['Smn1', 'Bag6', 'Dab2ip', 'Gapdhs', 'Cap2', 'Adgrb1', 'Pxk', 'Ylpm1', 'Megf8', 'Prima1', 'Pclo', 'Scaf1', 'Washc1', 'Mtfr1', 'Wipf3', 'Dbn1', 'Kat6a', 'Ppp3cb', 'Wasl']"
EEEEEEEEEG,14,"['Neurod2', 'Nrdc', 'Plppr3', 'Tprn', 'Wee1', 'Catip', 'Anp32e', 'Babam1', 'Scaf1', 'Slc4a3', 'Kcna4', 'Ina', 'Taok2', 'Prg2']"
EEEEEEEEED,13,"['Esf1', 'Zbtb4', 'Ryr1', 'Nisch', 'Skap1', 'Diexf', 'Pelp1', 'Homez', 'Nob1', 'Neurod1', 'Eid3', 'Phf23', 'Lmod2']"
QQQQQQQQQP,13,"['Lin7a', 'Nr3c1', 'Phlpp1', 'Tob1', 'Clock', 'Hcn1', 'Agbl5', 'Irf2bpl', 'Nono', 'Aak1', 'Ier5l', 'Gls', 'Phlda1']"
DEEEEEEEEE,11,"['Daxx', 'Nrdc', 'Ythdc1', 'Timeless', 'Eif3d', 'Ppargc1b', 'Pelp1', 'Myt1l', 'Kcna4', 'Slc24a1', 'Ibsp']"
HHHHHHHHHH,11,"['Cacna1a', 'Foxg1', 'Otx1', 'Syngap1', 'Dlgap3', 'Pou4f2', 'Nr4a3', 'Dyrk1a', 'Sorbs2', 'Onecut1', 'Meox2']"
EEDEEEEEEE,10,"['Ythdc1', 'Timeless', 'Hmgb1', 'Eif3d', 'Nap1l5', 'Ppargc1b', 'Slc24a1', 'Ptms', 'Kcna4', 'Pak3']"
GGGGGGGGGG,10,"['Pou3f2', 'Rad23b', 'Lbx1', 'Gsk3a', 'Pou4f2', 'Kcnn2', 'Krt10', 'Capns1', 'Gar1', 'Maf']"
EEEEEEEEDE,9,"['Esf1', 'Ryr1', 'Hmgb1', 'Cacna1d', 'Pelp1', 'Nob1', 'Eid3', 'Aplp2', 'Eif5b']"
EDEEEEEEEE,9,"['Ythdc1', 'Timeless', 'Hmgb1', 'Eif3d', 'Armcx1', 'Slc24a1', 'Ppargc1b', 'Kcna4', 'Aplp2']"
PPPPPPPPLP,9,"['Arhgef11', 'Wasf1', 'Shtn1', 'Espn', 'Clcn1', 'Nrxn2', 'Wipf3', 'Mtfr1', 'Lmod2']"
VHCSAGVGRT,8,"['Ptprv', 'Ptpn20', 'Ptpn21', 'Ptprq', 'Ptprz1', 'Ptprf', 'Ptprc', 'Ptpra']"
QPPPPPPPPP,8,"['Fnta', 'Dab2ip', 'Megf8', 'Htt', 'Pclo', 'Dbn1', 'Kat6a', 'Adgrb1']"
PPPPPPLPPP,8,"['Arhgef11', 'Shtn1', 'Vcpip1', 'Wipf3', 'Mtfr1', 'Mtfr2', 'Pde4d', 'Wasf1']"
PPPPPPPPPA,8,"['Washc1', 'Bag6', 'Fnta', 'Dab2ip', 'Pxk', 'Megf8', 'Scaf1', 'Dbn1']"
GEEEEEEEEE,8,"['Neurod2', 'Esf1', 'Homez', 'Trim26', 'Mical1', 'Catip', 'Anp32e', 'Nisch']"
APPPPPPPPP,8,"['Washc1', 'Bag6', 'Gapdhs', 'Wasl', 'Wipf3', 'Ppp3cb', 'Lmod2', 'Ubr4']"
HCSAGVGRTG,8,"['Ptprv', 'Ptpn20', 'Ptpn21', 'Ptprq', 'Ptprz1', 'Ptprf', 'Ptprc', 'Ptpra']"
CQGDSGGPLV,8,"['Tmprss9', 'Plat', 'Plg', 'F12', 'Prss30', 'Prss36', 'Klk8', 'Tmprss11d']"
QGDSGGPLVC,7,"['Tmprss9', 'Plat', 'Plg', 'F12', 'Prss30', 'Prss36', 'Klk8']"
PLPPPPPPPP,7,"['Naf1', 'March11', 'Rnf44', 'Nrxn2', 'Pelp1', 'Prima1', 'Brdt']"
PPPPPPPLPP,7,"['Arhgef11', 'Wasf1', 'Shtn1', 'Clcn1', 'Wipf3', 'Mtfr1', 'Lmod2']"
CEGCKGFFRR,7,"['Rorb', 'Thra', 'Nr1i2', 'Ppara', 'Nr1h4', 'Nr1d1', 'Nr1h2']"
QVWFQNRRAK,7,"['Arx', 'Alx1', 'Drgx', 'Uncx', 'Phox2a', 'Sebox', 'Rax']"
EEEEEEEEEL,7,"['Nlrp6', 'Znf830', 'Timeless', 'Mterf4', 'Pelp1', 'Mical1', 'Tspoap1']"
PSSSSSSSSS,7,"['Hdgfl2', 'Chd8', 'Edc4', 'Dbn1', 'Syn2', 'Prkd2', 'Nkx6-1']"
AAAAAAAAAV,7,"['Pou3f3', 'Rbm47', 'Arx', 'Irf2bpl', 'Puf60', 'Th', 'Tmem158']"
PPPPPPPPPL,7,"['Shtn1', 'Cdk12', 'Wipf3', 'Mtfr1', 'Ppp3cb', 'Ubr4', 'Lmod2']"
SAAAAAAAAA,6,"['Tle3', 'Irf2bpl', 'Gata6', 'Pitx3', 'Nlk', 'Nkx6-1']"
GTPYWMAPEV,6,"['Mink1', 'Map4k3', 'Stk10', 'Pak5', 'Pak1', 'Taok2']"
DVWSFGVLLW,6,"['Met', 'Ret', 'Map3k11', 'Flt4', 'Matk', 'Fgfr1']"
VYKVETIGDA,6,"['Npr1', 'Gucy2c', 'Gucy2e', 'Gucy2g', 'Gucy1a1', 'Gucy1b2']"
SSSSSSSSSD,6,"['Zcchc10', 'Jmjd6', 'Chd8', 'Nolc1', 'Prr13', 'Brd2']"
SDVWSFGVLL,6,"['Met', 'Ret', 'Map3k11', 'Flt4', 'Matk', 'Fgfr1']"
PPLPPPPPPP,6,"['Naf1', 'March11', 'Prima1', 'Vcpip1', 'Brdt', 'Pde4d']"
PPPPLPPPPP,6,"['Naf1', 'Shtn1', 'Prima1', 'Vcpip1', 'Wipf3', 'Pde4d']"
QQQQQQQQPQ,6,"['Lin7a', 'Tob1', 'Clock', 'Hcn1', 'Irf2bpl', 'Aak1']"
QQQQQQQPQQ,6,"['Lin7a', 'Tob1', 'Clock', 'Aak1', 'Irf2bpl', 'Mef2a']"
YKVETIGDAY,6,"['Npr1', 'Gucy2c', 'Gucy2e', 'Gucy2g', 'Gucy1a2', 'Gucy1b2']"
EEEEDEEEEE,6,"['Ythdc1', 'Nap1l5', 'Sstr3', 'Cdca7', 'Kcna4', 'Eid3']"
VWSFGVLLWE,6,"['Met', 'Ret', 'Map3k11', 'Matk', 'Kdr', 'Fgfr1']"
HQRTHTGEKP,6,"['Znf382', 'Znf354c', 'Klf6', 'Znf18', 'Znf394', 'Znf672']"
LPPPPPPPPP,6,"['March11', 'Rnf44', 'Cap2', 'Pelp1', 'Pxk', 'Prima1']"
AEEEEEEEEE,6,"['Nlrp6', 'Ngef', 'Plppr3', 'Tprn', 'Scaf1', 'Slc4a3']"
VQVWFQNRRA,6,"['Arx', 'Alx1', 'Drgx', 'Uncx', 'Phox2a', 'Rax']"
RVQVWFQNRR,6,"['Arx', 'Alx1', 'Drgx', 'Uncx', 'Phox2a', 'Rax']"
EEEEEEEEGE,6,"['Nrdc', 'Tprn', 'Catip', 'Babam1', 'Slc4a3', 'Aplp2']"
DVYKVETIGD,6,"['Npr1', 'Gucy2c', 'Gucy2e', 'Gucy2g', 'Gucy1a1', 'Gucy1b2']"
EEEDEEEEEE,6,"['Ythdc1', 'Timeless', 'Nap1l5', 'Eid3', 'Kcna4', 'Pak3']"
HQQQQQQQQQ,6,"['Pou3f2', 'Tob1', 'Bhlha15', 'Nono', 'Phlda1', 'Crebbp']"
SEEEEEEEEE,6,"['Zbtb4', 'Mterf4', 'Diexf', 'Smarca4', 'Clstn1', 'Phf23']"
EEDEEDEEEE,6,"['Hap1', 'Hmgb1', 'Eif3d', 'Slc24a1', 'Prm3', 'Brd2']"
SGGGGGGGGG,6,"['Pou3f2', 'Lbx1', 'Kcnma1', 'Pou4f2', 'Krt10', 'Nkx2-1']"
EEEEEEEDED,6,"['Phactr1', 'Hmgb1', 'Pelp1', 'Abcc9', 'Kcnn1', 'Eif5b']"
PPPLPPPPPP,6,"['Naf1', 'Prima1', 'Vcpip1', 'Wipf3', 'Mtfr2', 'Pde4d']"
KIWFQNRRMK,5,"['Pdx1', 'Dbx1', 'Hoxd9', 'Hoxa1', 'Hoxb7']"
RSRSRSRSRS,5,"['Zranb2', 'Rsrc2', 'Lbr', 'Rbmx2', 'Srsf2']"
MPRYCLFGDT,5,"['Npr1', 'Gucy2c', 'Gucy2e', 'Gucy1b2', 'Gucy2g']"
ARVQVWFQNR,5,"['Arx', 'Phox2a', 'Alx1', 'Drgx', 'Prrx1']"
EGCKGFFRRS,5,"['Nr1h4', 'Nr1d1', 'Vdr', 'Rorb', 'Nr1h2']"
LEEEEEEEEE,5,"['Aebp1', 'Neurod1', 'Mum1', 'Prg2', 'Pelp1']"
QEEEEEEEEE,5,"['Rcan1', 'Ppm1f', 'Fbxw7', 'Zeb1', 'Tspoap1']"
HRDLAARNVL,5,"['Syk', 'Frk', 'Pdgfrb', 'Erbb4', 'Fgfr1']"
LTEARVQVWF,5,"['Arx', 'Phox2a', 'Alx1', 'Drgx', 'Prrx1']"
EEEEEEEEDD,5,"['Homez', 'Hmgb2', 'Neurod1', 'Nrdc', 'Phf23']"
AAAVAAAAAA,5,"['Alkbh5', 'Skor1', 'Deaf1', 'Prkd1', 'Sh3rf1']"
QVKVWFQNRR,5,"['Hlx', 'Vax1', 'Hoxa2', 'Meox2', 'Nkx6-1']"
EEEEEEEEEA,5,"['Daxx', 'Tonsl', 'Zeb1', 'Cnksr2', 'Wdpcp']"
VVHCSAGVGR,5,"['Ptprf', 'Ptprc', 'Ptprq', 'Ptpra', 'Ptprz1']"
PPPPPLPPPP,5,"['Wipf3', 'Mtfr1', 'Pde4d', 'Shtn1', 'Vcpip1']"
HHHHHHHHHQ,5,"['Dlgap3', 'Pou4f2', 'Otx1', 'Meox2', 'Nr4a3']"
LLLLLLLLPP,5,"['Plod3', 'Ptgs1', 'Mlec', 'Mmp11', 'Qsox1']"
DEEDEEEEEE,5,"['Ptms', 'Hmgb1', 'Eif3d', 'Ccdc184', 'Slc24a1']"
QQQQQQQPPP,5,"['Nono', 'Glg1', 'Htt', 'Phlpp1', 'Znf384']"
HQRIHTGEKP,5,"['Zkscan1', 'Znf667', 'Znf394', 'Zfp90', 'Znf22']"
QRIHTGEKPY,5,"['Zkscan1', 'Znf667', 'Znf394', 'Zfp90', 'Znf22']"
QRTHTGEKPY,5,"['Klf6', 'Znf394', 'Znf382', 'Znf354c', 'Znf672']"
RDLKPENILL,5,"['Grk6', 'Rps6ka1', 'Sgk2', 'Phkg1', 'Pdpk1']"
VWFQNRRAKW,5,"['Arx', 'Alx1', 'Drgx', 'Uncx', 'Rax']"
AAAAAAAAAG,5,"['Pou4f1', 'Ptbp2', 'Hoxd9', 'Gdf11', 'Skor1']"
AAAAAAAAAS,5,"['Gata6', 'Pitx3', 'Clasrp', 'Hand2', 'Nkx6-1']"
PLLLLLLLLL,5,"['Sct', 'Metrnl', 'Tmub1', 'Mmp11', 'Ramp2']"
DACKGDSGGP,5,"['Prss27', 'Cfi', 'F7', 'Klkb1', 'Tmprss7']"
EARVQVWFQN,5,"['Arx', 'Phox2a', 'Alx1', 'Drgx', 'Prrx1']"
HRDLAARNIL,5,"['Epha5', 'Flt1', 'Jak3', 'Ret', 'Matk']"
SSSSSSSSDS,5,"['Fam133b', 'Ppig', 'Zcchc10', 'Jmjd6', 'Prr13']"
TEARVQVWFQ,5,"['Arx', 'Phox2a', 'Alx1', 'Drgx', 'Prrx1']"
DTAGQERFRS,5,"['Rab9a', 'Rab27a', 'Rab4b', 'Rab6a', 'Rab26']"
WFQNRRAKWR,5,"['Arx', 'Alx1', 'Drgx', 'Uncx', 'Rax']"
RYCLFGDTVN,5,"['Npr1', 'Gucy2c', 'Gucy2e', 'Gucy1b2', 'Gucy2g']"
EDEEDEEEEE,5,"['Rtn4', 'Eif3d', 'Hmgb1', 'Hap1', 'Slc24a1']"
DEEEEDEEEE,5,"['Ythdc1', 'Anp32a', 'Arsi', 'Nap1l5', 'Apbb1']"
GSSSSSSSSS,5,"['Brdt', 'Mprip', 'Nolc1', 'Nap1l3', 'Tshz3']"
PRYCLFGDTV,5,"['Npr1', 'Gucy2c', 'Gucy2e', 'Gucy1b2', 'Gucy2g']"
DACQGDSGGP,5,"['F12', 'Prss8', 'F10', 'Tmprss11d', 'Plat']"
