k-mer,number of proteins,all,(Out of 20029 proteins in total)
TTTTTTTTTT,34,"['clec-141', 'cwp-4', 'clec-228', 'CELE_T05C12.4', 'CELE_F56H9.6', 'CELE_T13C5.2', 'CELE_H17B01.2', 'CELE_Y68A4B.3', 'cyk-4', 'C16D9.1', 'CELE_Y37H2A.11', 'sym-1', 'CELE_F40E10.5', 'C18H7.1', 'CELE_F52G3.5', 'CELE_K02E2.8', 'C12D12.1', 'CELE_M106.8', 'clec-238', 'C54D2.1', 'CELE_Y97E10AR.2', 'CELE_Y43F8C.9', 'CELE_F55D12.5', 'dpy-21', 'rol-1', 'mam-1', 'CELE_Y116F11B.2', 'CELE_T13C2.3', 'CELE_Y69A2AR.31', 'nas-14', 'CELE_Y22D7AL.4', 'CELE_F52E1.5', 'ntl-3', 'CELE_M02G9.1']"
CRACAAFFRR,24,"['nhr-117', 'nhr-115', 'nhr-43', 'nhr-42', 'nhr-213', 'nhr-232', 'nhr-45', 'nhr-44', 'nhr-218', 'nhr-133', 'nhr-150', 'hizr-1', 'nhr-28', 'nhr-286', 'nhr-16', 'nhr-139', 'nhr-107', 'nhr-54', 'nhr-55', 'nhr-145', 'nhr-53', 'nhr-205', 'nhr-59', 'nhr-30']"
SSSSSSSSSS,17,"['CELE_Y46G5A.20', 'CELE_ZK180.6', 'CELE_K07E3.1', 'C46F11.4', 'mca-1', 'lin-39', 'mec-1', 'C16B8.3', 'gon-2', 'CELE_Y39B6A.1', 'CELE_F41G3.20', 'cyn-8', 'rsr-2', 'C34B2.9', 'CELE_K01D12.8', 'CELE_M163.11', 'rnp-5']"
PPPPPPPPPP,16,"['grl-4', 'inft-2', 'wip-1', 'CELE_F07A11.4', 'ddl-2', 'grl-9', 'CELE_ZC123.1', 'grl-25', 'grl-22', 'exc-6', 'sydn-1', 'viro-2', 'shn-1', 'CELE_Y40B1A.3', 'CELE_Y43F8B.28', 'CELE_F59E12.9']"
STTTTTTTTT,16,"['C12D12.1', 'CELE_M106.8', 'CELE_R03C1.1', 'CELE_F55D12.5', 'CELE_F52E1.5', 'epi-1', 'clec-234', 'CELE_Y97E10AR.2', 'CELE_T13C5.10', 'CELE_F56H9.6', 'CELE_T13C2.3', 'nas-14', 'CELE_T26A8.1', 'CELE_K02E2.8', 'CELE_Y68A4B.3', 'CELE_F52G3.5']"
QQQQQQQQQQ,15,"['pqn-85', 'fozi-1', 'lin-36', 'CELE_Y75B8A.6', 'pqn-21', 'mig-6', 'mdt-15', 'CELE_F10E7.2', 'sptf-3', 'C18H9.3/C18H9.2', 'CELE_T21B6.3', 'rad-26', 'atx-2', 'CELE_Y39A1A.9', 'sfa-1']"
ACAAFFRRTV,13,"['nhr-54', 'nhr-213', 'nhr-53', 'nhr-121', 'nhr-205', 'nhr-95', 'nhr-78', 'nhr-13', 'nhr-20', 'nhr-16', 'nhr-80', 'nhr-77', 'hizr-1']"
TTTTTTTTTE,13,"['CELE_F55D12.5', 'CELE_Y116F11B.2', 'epi-1', 'CELE_Y37H2A.11', 'CELE_Y97E10AR.2', 'CELE_F40E10.5', 'CELE_T13C2.3', 'nas-14', 'CELE_T26A8.1', 'CELE_Y22D7AL.4', 'CELE_K02E2.8', 'CELE_Y68A4B.3', 'CELE_F52G3.5']"
SCRACAAFFR,13,"['nhr-42', 'nhr-177', 'nhr-232', 'nhr-161', 'nhr-44', 'nhr-133', 'nhr-178', 'nhr-150', 'nhr-139', 'nhr-84', 'hizr-1', 'nhr-115', 'nhr-243']"
PTTTTTTTTT,12,"['clec-141', 'C16D9.1', 'CELE_F25E2.2', 'CELE_Y43F8C.9', 'CELE_Y69A2AR.31', 'CELE_Y37H2A.11', 'dpy-21', 'CELE_T13C5.2', 'CELE_Y51H7C.13', 'CELE_Y37E3.19', 'CELE_W03F9.11', 'clec-199']"
TTTSTTTTTT,12,"['C12D12.1', 'CELE_F23H12.5', 'CELE_T13C5.10', 'CELE_F56H9.6', 'CELE_T13C2.3', 'clec-245', 'CELE_T11F9.12', 'mec-1', 'CELE_R07E3.6', 'F40H6.5', 'clec-199', 'deg-1']"
APPPPPPPPP,12,"['CELE_Y47D7A.15', 'C15C6.3', 'wsp-1', 'wip-1', 'exc-6', 'frl-1', 'CELE_ZC123.1', 'grl-22', 'ddl-2', 'shn-1', 'CELE_Y40B1A.3', 'CELE_Y43F8B.28']"
VHCSAGIGRT,11,"['CELE_Y71G12B.31', 'CELE_F47B3.1', 'CELE_T27A3.5', 'C33H5.16', 'CELE_Y113G7C.1', 'CELE_F36H1.3', 'CELE_Y48G9A.9', 'CELE_T22C1.8', 'ptp-2', 'CELE_Y69A2AR.19', 'ptp-1']"
TSTTTTTTTT,11,"['C12D12.1', 'CELE_M106.8', 'ntl-11', 'CELE_F49E10.2', 'clec-234', 'CELE_T13C5.10', 'CELE_T13C2.3', 'CELE_F56H9.6', 'CELE_T26A8.1', 'CELE_Y68A4B.3', 'deg-1']"
HCSAGIGRTG,10,"['CELE_Y71G12B.31', 'CELE_F47B3.1', 'CELE_T27A3.5', 'C33H5.16', 'CELE_F36H1.3', 'CELE_Y48G9A.9', 'CELE_T22C1.8', 'ptp-2', 'ptp-3', 'ptp-1']"
VVHCSAGIGR,10,"['CELE_Y71G12B.31', 'CELE_T27A3.5', 'CELE_F36H1.3', 'CELE_Y113G7C.1', 'CELE_F36H12.10', 'CELE_Y48G9A.9', 'CELE_F10G8.1', 'ptp-2', 'CELE_Y69A2AR.19', 'ptp-1']"
RACAAFFRRT,10,"['nhr-54', 'nhr-56', 'nhr-232', 'nhr-45', 'nhr-53', 'nhr-205', 'nhr-213', 'nhr-95', 'hizr-1', 'nhr-16']"
TTSTTTTTTT,10,"['C12D12.1', 'ntl-11', 'CELE_T13C5.10', 'CELE_F56H9.6', 'CELE_T13C2.3', 'mec-1', 'CELE_T26A8.1', 'CELE_R07E3.6', 'clec-242', 'deg-1']"
CNGCKTFFRR,10,"['nhr-40', 'nhr-47', 'nhr-1', 'nhr-120', 'nhr-173', 'nhr-136', 'nhr-10', 'nhr-17', 'nhr-60', 'nhr-209']"
GGGGGGGGGG,10,"['clp-1', 'grd-1', 'xrn-2', 'ssq-4', 'col-2', 'nova-1', 'grl-17', 'uaf-2', 'CELE_F47B8.13', 'CELE_E02A10.3']"
QVKIWFQNRR,10,"['vab-15', 'ceh-28', 'mls-2', 'ceh-9', 'ceh-7', 'ceh-13', 'lin-39', 'ceh-1', 'ceh-43', 'php-3']"
PRYCLFGDTV,10,"['gcy-33', 'gcy-27', 'gcy-21', 'gcy-35', 'gcy-9', 'gcy-8', 'gcy-28', 'gcy-19', 'gcy-11', 'gcy-13']"
TTTTSTTTTT,10,"['C12D12.1', 'CELE_F56H9.6', 'clec-238', 'CELE_F23H12.5', 'dpy-6', 'cutl-16', 'mec-1', 'F40H6.5', 'clec-199', 'CELE_Y16B4A.2']"
SCNGCKTFFR,9,"['nhr-40', 'nhr-47', 'nhr-1', 'nhr-120', 'nhr-173', 'nhr-136', 'nhr-10', 'nhr-60', 'nhr-209']"
ACRACAAFFR,9,"['nhr-213', 'nhr-230', 'nhr-16', 'nhr-53', 'nhr-205', 'nhr-143', 'nhr-107', 'nhr-30', 'nhr-28']"
SSSSSSSSSE,9,"['ncx-5', 'CELE_D1086.19', 'clec-232', 'CELE_Y32H12A.8', 'clec-233', 'CELE_Y39B6A.1', 'rsr-2', 'C34B2.9', 'CELE_K01D12.8']"
TTTEEPTTTT,9,"['CELE_T06A4.1', 'CELE_Y97E10AR.2', 'CELE_Y116F11B.2', 'CELE_D1054.9', 'CELE_T27A10.6', 'unc-52', 'CELE_T13C2.3', 'dpy-6', 'nas-14']"
RSRSRSRSRS,9,"['rsp-3', 'CELE_F36A2.10', 'CELE_F28C1.1', 'CELE_F49C12.15', 'numr-2', 'CELE_D1037.1', 'ttn-1', 'usp-39', 'CELE_F08H9.2']"
TTTTTTTEEP,9,"['CELE_D1054.9', 'CELE_Y116F11B.2', 'epi-1', 'CELE_Y97E10AR.2', 'unc-52', 'CELE_T13C2.3', 'nas-14', 'C06G1.2', 'CELE_F52G3.5']"
TTTTTTEEPT,9,"['CELE_T06A4.1', 'CELE_Y97E10AR.2', 'CELE_Y116F11B.2', 'epi-1', 'CELE_H42K12.3', 'CELE_D1054.9', 'CELE_T27A10.6', 'CELE_T13C2.3', 'nas-14']"
TSSSSSSSSS,9,"['CELE_F26F4.6', 'mca-1', 'mec-1', 'C46F11.4', 'CELE_F41G3.20', 'CELE_K01D12.10', 'CELE_K07A1.20', 'C34B2.9', 'ncx-5']"
PIVVHCSAGI,9,"['CELE_Y71G12B.31', 'CELE_T27A3.5', 'CELE_F36H1.3', 'CELE_Y113G7C.1', 'CELE_F36H12.10', 'CELE_F10G8.1', 'ptp-2', 'CELE_Y69A2AR.19', 'ptp-1']"
IVVHCSAGIG,9,"['CELE_Y71G12B.31', 'CELE_T27A3.5', 'CELE_F36H1.3', 'CELE_Y113G7C.1', 'CELE_F36H12.10', 'CELE_F10G8.1', 'ptp-2', 'CELE_Y69A2AR.19', 'ptp-1']"
RYCLFGDTVN,9,"['gcy-33', 'gcy-27', 'gcy-21', 'gcy-35', 'gcy-9', 'gcy-8', 'gcy-28', 'gcy-19', 'gcy-13']"
HRDIAARNCL,9,"['CELE_T25B9.4', 'svh-4', 'kin-26', 'CELE_Y116A8C.24', 'frk-1', 'CELE_M176.9', 'CELE_R11E3.1', 'spe-8', 'CELE_ZC581.7']"
WDTAGQERFR,8,"['rab-37', 'tag-312', 'rab-30', 'rab-6.2', 'aex-6', 'C56E6.2', '4R79.2', 'rab-14']"
CNGCKGFFRR,8,"['nhr-138', 'nhr-4', 'nhr-49', 'nhr-34', 'nhr-35', 'nhr-14', 'nhr-100', 'nhr-62']"
SSTTTTTTTT,8,"['CELE_R03C1.1', 'CELE_F55D12.5', 'C04G6.2', 'CELE_Y97E10AR.2', 'CELE_F52G3.5', 'CELE_K02E10.4', 'nas-14', 'CELE_T09D3.3']"
AAAAAAAAAA,8,"['met-1', 'ceh-24', 'frl-1', 'ldb-1', 'baz-2', 'pqn-41', 'chd-7', 'bed-2']"
YKVETIGDAY,8,"['gcy-31', 'gcy-35', 'gcy-9', 'gcy-28', 'gcy-29', 'gcy-11', 'gcy-13', 'gcy-12']"
LADEMGLGKT,8,"['ssl-1', 'csb-1', 'CELE_T05A12.4', 'swsn-4', 'isw-1', 'chd-7', 'chd-1', 'chd-3']"
TTTTTEEPTT,8,"['CELE_T06A4.1', 'CELE_Y97E10AR.2', 'CELE_Y116F11B.2', 'CELE_H42K12.3', 'CELE_D1054.9', 'CELE_T27A10.6', 'CELE_T13C2.3', 'nas-14']"
TTTTEEPTTT,8,"['CELE_T06A4.1', 'CELE_Y97E10AR.2', 'CELE_Y116F11B.2', 'CELE_D1054.9', 'CELE_T27A10.6', 'unc-52', 'CELE_T13C2.3', 'nas-14']"
GGGYGGGYGG,8,"['CELE_Y47D7A.15', 'hrp-2', 'rbm-28', 'nlp-25', 'CELE_R102.11', 'xrn-2', 'CELE_T21C9.9', 'F12A10.7']"
ILADEMGLGK,8,"['ssl-1', 'csb-1', 'CELE_T05A12.4', 'swsn-4', 'isw-1', 'chd-7', 'chd-1', 'chd-3']"
GGYGGGYGGG,7,"['C34F11.8', 'CELE_Y47D7A.15', 'nlp-33', 'rbm-28', 'CELE_R102.11', 'xrn-2', 'CELE_T21C9.9']"
KVETIGDAYM,7,"['gcy-31', 'gcy-35', 'gcy-9', 'gcy-28', 'gcy-29', 'gcy-11', 'gcy-12']"
YCLFGDTVNT,7,"['gcy-33', 'gcy-21', 'gcy-9', 'gcy-28', 'gcy-19', 'gcy-13', 'gcy-36']"
PPPPPPPPPM,7,"['CELE_Y71H2AM.15', 'grl-4', 'wsp-1', 'frl-1', 'grl-22', 'CELE_Y40B1A.3', 'wve-1']"
HRDLKPENLL,7,"['mak-2', 'aak-2', 'pig-1', 'unc-43', 'CELE_R06A10.4', 'sad-1', 'cmk-1']"
QKQRIAIARA,7,"['pgp-1', 'haf-8', 'haf-1', 'haf-9', 'haf-6', 'pgp-10', 'pgp-11']"
TCRACAAFFR,7,"['nhr-54', 'nhr-55', 'nhr-145', 'nhr-225', 'nhr-218', 'nhr-59', 'nhr-110']"
GGQKQRIAIA,7,"['pgp-1', 'haf-8', 'haf-1', 'haf-9', 'haf-6', 'pgp-10', 'pgp-11']"
TTTTTTTTEE,7,"['CELE_D1054.9', 'CELE_Y116F11B.2', 'epi-1', 'CELE_Y97E10AR.2', 'CELE_F52G3.5', 'CELE_T13C2.3', 'nas-14']"
LQQQQQQQQQ,7,"['bcl-11', 'lin-36', 'CELE_F54B11.4', 'pqn-21', 'pqn-26', 'rad-26', 'chd-7']"
TTTTTTTTTS,7,"['lat-1', 'clec-238', 'cwp-4', 'dpy-21', 'CELE_Y37E3.19', 'ntl-3', 'rol-1']"
TTTTTTTTTP,7,"['clec-141', 'CELE_F25E2.2', 'CELE_T13C5.10', 'CELE_Y43F8C.9', 'spp-7', 'CELE_W03F9.11', 'clec-199']"
GQKQRIAIAR,7,"['pgp-1', 'haf-8', 'haf-1', 'haf-9', 'haf-6', 'pgp-10', 'pgp-11']"
SGGQKQRIAI,7,"['pgp-1', 'haf-8', 'haf-1', 'haf-9', 'haf-6', 'pgp-10', 'pgp-11']"
TTTTTTSTTT,7,"['lat-1', 'clec-238', 'CELE_F23H12.5', 'CELE_K07D4.6', 'dpy-6', 'rol-1', 'CELE_Y16B4A.2']"
TTTTEAPTTT,7,"['mlt-11', 'CELE_F55D12.5', 'CELE_F23H12.5', 'C54D2.1', 'CELE_F52G3.5', 'CELE_K02E2.8', 'rol-1']"
TTTTTSTTTT,7,"['lat-1', 'clec-238', 'CELE_F23H12.5', 'dpy-6', 'mec-1', 'rol-1', 'CELE_Y16B4A.2']"
KKEEKKEEKK,7,"['C53B4.2', 'CELE_F57H12.5', 'CELE_F36H12.3', 'C08F8.6', 'CELE_ZK354.7', 'wdfy-3', 'CELE_F53G12.8']"
TTTTTTTSTT,7,"['lat-1', 'CELE_F49E10.2', 'clec-238', 'CELE_F23H12.5', 'CELE_K07D4.6', 'CELE_ZK265.7', 'rol-1']"
PPGPPGPPGP,6,"['col-83', 'col-99', 'col-49', 'C50F7.5', 'col-34', 'col-111']"
GCKGFFRRSI,6,"['nhr-85', 'sex-1', 'nhr-69', 'nhr-34', 'nhr-100', 'nhr-61']"
ACNGCKGFFR,6,"['nhr-138', 'nhr-4', 'nhr-34', 'nhr-35', 'nhr-14', 'nhr-62']"
TVNTASRMES,6,"['gcy-33', 'gcy-21', 'gcy-9', 'gcy-19', 'gcy-13', 'gcy-12']"
RACAAFFRRS,6,"['nhr-43', 'nhr-273', 'nhr-218', 'nhr-84', 'nhr-115', 'nhr-28']"
AYGQTGSGKT,6,"['klp-19', 'klp-18', 'klp-7', 'klp-16', 'osm-3', 'klp-12']"
SSSSSSSSST,6,"['lin-39', 'CELE_F41G3.20', 'CELE_D2092.6', 'trpl-2', 'CELE_K01D12.10', 'CELE_Y46G5A.20']"
LDEATSALDS,6,"['pgp-11', 'haf-8', 'pgp-6', 'pgp-14', 'haf-6', 'pgp-10']"
DEMGLGKTIQ,6,"['M03C11.8', 'ssl-1', 'csb-1', 'CELE_T05A12.4', 'swsn-4', 'chd-1']"
NGCKTFFRRT,6,"['nhr-173', 'nhr-120', 'nhr-153', 'nhr-10', 'nhr-1', 'nhr-209']"
SRSRSRSRSR,6,"['rsp-3', 'CELE_F36A2.10', 'CELE_F28C1.1', 'CELE_F49C12.15', 'CELE_D1037.1', 'CELE_F08H9.2']"
SSSSSSSSES,6,"['CELE_W03G1.5', 'clec-232', 'rtfo-1', 'CELE_Y39B6A.1', 'rsr-2', 'CELE_K01D12.8']"
KKSKKSKKSK,6,"['CELE_Y37E11B.10', 'CELE_Y54E2A.7', 'C41G7.6', 'cec-8', 'R07E5.1', 'CELE_W09C3.2']"
TTTTTTTEAP,6,"['CELE_T19A5.3', 'CELE_F55D12.5', 'C54D2.1', 'CELE_F40E10.5', 'CELE_K02E2.8', 'CELE_Y68A4B.3']"
DTVNTASRME,6,"['gcy-33', 'gcy-21', 'gcy-9', 'gcy-19', 'gcy-13', 'gcy-12']"
LFGDTVNTAS,6,"['gcy-33', 'gcy-21', 'gcy-9', 'gcy-19', 'gcy-13', 'gcy-12']"
SSSSSSSTSS,6,"['sea-2', 'rga-2', 'lin-39', 'ces-1', 'CELE_Y46G5A.20', 'larp-5']"
GPPGPPGPPG,6,"['col-83', 'col-51', 'col-49', 'sqt-3', 'col-115', 'col-135']"
NSIRHNLSLN,6,"['fkh-10', 'fkh-8', 'unc-130', 'fkh-2', 'let-381', 'fkh-6']"
SGGGGGGGGG,6,"['col-51', 'grd-1', 'grl-23', 'nova-1', 'uaf-2', 'CELE_F47B8.13']"
MPRYCLFGDT,6,"['gcy-21', 'gcy-35', 'gcy-28', 'gcy-19', 'gcy-11', 'gcy-13']"
ACAAFFRRSV,6,"['nhr-43', 'nhr-142', 'nhr-273', 'nhr-115', 'nhr-22', 'nhr-28']"
TTTEAPTTTT,6,"['mlt-11', 'CELE_F55D12.5', 'CELE_F23H12.5', 'CELE_H42K12.3', 'CELE_F52G3.5', 'CELE_K02E2.8']"
TTTTPTTTTT,6,"['clec-141', 'CELE_F54E4.4', 'CELE_K07D4.6', 'CELE_F56H9.6', 'clec-118', 'clec-199']"
HRDLAARNVL,6,"['csk-1', 'CELE_Y47G6A.5', 'egl-15', 'CELE_F26E4.5', 'ark-1', 'src-1']"
TSSTTTTTTT,6,"['CELE_R03C1.1', 'C04G6.2', 'CELE_Y97E10AR.2', 'nas-14', 'CELE_T25B2.3', 'CELE_F52G3.5']"
FGDTVNTASR,6,"['gcy-33', 'gcy-21', 'gcy-9', 'gcy-19', 'gcy-13', 'gcy-12']"
VHCSAGVGRT,6,"['CELE_T28F4.3', 'CELE_F54F12.1', 'CELE_F25H5.7', 'CELE_Y41D4A.5', 'CELE_T20B6.1', 'CELE_ZK354.8']"
CSAGVGRTGT,6,"['CELE_F54F12.1', 'CELE_Y41D4A.5', 'CELE_T20B6.1', 'CELE_F20B6.1', 'clr-1', 'CELE_ZK354.8']"
HCSAGVGRTG,6,"['CELE_F54F12.1', 'CELE_Y41D4A.5', 'CELE_T20B6.1', 'CELE_F20B6.1', 'clr-1', 'CELE_ZK354.8']"
PGPPGPPGPP,6,"['col-83', 'col-99', 'C50F7.5', 'col-34', 'col-115', 'col-135']"
AAAQQQQQQQ,6,"['CELE_Y75B8A.8', 'pqn-41', 'mdt-15', 'cbp-1', 'baz-2', 'chd-7']"
GDTVNTASRM,6,"['gcy-33', 'gcy-21', 'gcy-9', 'gcy-19', 'gcy-13', 'gcy-12']"
ETTTTTTTTT,6,"['clec-228', 'mam-1', 'clec-238', 'CELE_Y22D7AL.4', 'CELE_M02G9.1', 'CELE_H37A05.4']"
FAYGQTGSGK,6,"['klp-18', 'klp-4', 'klp-7', 'klp-6', 'osm-3', 'unc-104']"
IHRDIAARNC,6,"['CELE_T25B9.4', 'frk-1', 'CELE_M176.9', 'CELE_R11E3.1', 'spe-8', 'CELE_ZC581.7']"
QVWFQNRRAK,6,"['alr-1', 'ceh-8', 'unc-4', 'ceh-10', 'ceh-14', 'ceh-17']"
DTAGQERFRS,6,"['rab-37', 'tag-312', 'rab-30', 'rab-6.2', 'aex-6', '4R79.2']"
NGCKGFFRRS,6,"['nhr-138', 'nhr-4', 'nhr-34', 'nhr-14', 'nhr-100', 'nhr-62']"
TQVKIWFQNR,6,"['ceh-28', 'mls-2', 'ceh-9', 'vab-15', 'ceh-1', 'ceh-43']"
GRGGRGRGRG,5,"['xrn-2', 'vig-1', 'CELE_F13C5.2', 'snr-3', 'CELE_Y48C3A.14']"
KIWFQNRRMK,5,"['php-3', 'ceh-13', 'egl-5', 'lin-39', 'ceh-12']"
GCKGFFRRSV,5,"['nhr-138', 'nhr-2', 'nhr-4', 'nhr-62', 'nhr-14']"
CIHRDIAARN,5,"['frk-1', 'kin-9', 'CELE_M176.9', 'CELE_ZC581.7', 'CELE_R11E3.1']"
HRDIKPENLL,5,"['CELE_F52B5.2', 'chk-1', 'air-2', 'CELE_R02C2.6', 'CELE_F32B6.10']"
RSSSSSSSSS,5,"['cyn-8', 'C30H6.5', 'CELE_Y46G5A.20', 'CELE_Y32H12A.8', 'rnp-5']"
ATTTTTTTTT,5,"['lat-1', 'C54D2.1', 'ntl-3', 'CELE_F41E6.8', 'CELE_F40E10.5']"
TTTTTTTPKP,5,"['CELE_F25E2.2', 'let-653', 'nas-14', 'CELE_E02H9.2', 'CELE_F49E10.2']"
IWDTAGQERF,5,"['rab-37', 'rab-14', 'rab-7', 'rab-18', 'rab-30']"
VPSCNGCKTF,5,"['nhr-10', 'nhr-209', 'nhr-173', 'nhr-136', 'nhr-168']"
FLKHWINGSN,5,"['fbxb-85', 'fbxb-60', 'fbxb-3', 'fbxb-88', 'fbxb-83']"
EEKKEEKKEE,5,"['CELE_ZK354.7', 'C53B4.2', 'CELE_F36H12.3', 'C08F8.6', 'CELE_F57H12.5']"
PPPPPPPPPS,5,"['CELE_Y43F8B.28', 'CELE_F59E12.9', 'inft-2', 'wsp-1', 'CELE_F07A11.4']"
PPPPPPPPPA,5,"['CELE_Y47D7A.15', 'CELE_ZC123.1', 'cas-1', 'viro-2', 'wip-1']"
SEDCLYLNVF,5,"['CELE_T28C12.4', 'CELE_R173.3', 'CELE_E01G6.3', 'CELE_T07H6.1', 'CELE_F15A8.6']"
SSSSSSSSSG,5,"['cyn-8', 'C46F11.4', 'mca-1', 'grl-25', 'rnp-5']"
KSKKSKKSKK,5,"['CELE_Y37E11B.10', 'R07E5.1', 'CELE_Y54E2A.7', 'cec-8', 'C41G7.6']"
TTTTEPTTTT,5,"['CELE_Y37H2A.11', 'C23H3.9', 'CELE_K07D4.6', 'lgc-45', 'CELE_R07E3.6']"
AQAQAQAQAQ,5,"['CELE_Y43F8B.1', 'pqn-41', 'pis-1', 'scd-1', 'npp-9']"
TTTTTPTTTT,5,"['CELE_F54E4.4', 'clec-141', 'CELE_K07D4.6', 'clec-199', 'CELE_F56H9.6']"
SCNACKMFFR,5,"['nhr-185', 'nhr-26', 'nhr-124', 'nhr-189', 'nhr-9']"
QQQQQQQQQL,5,"['bcl-11', 'CELE_Y75B8A.6', 'pes-4', 'unc-75', 'rad-26']"
LSGGQKQRIA,5,"['haf-1', 'pgp-1', 'pgp-10', 'haf-6', 'pgp-11']"
CNACKMFFRR,5,"['nhr-185', 'nhr-26', 'nhr-124', 'nhr-188', 'nhr-9']"
LLFGPPGTGK,5,"['figl-1', 'vps-4', 'rpt-4', 'nsf-1', 'cdc-48.1']"
KEEKKEEKKE,5,"['CELE_ZK354.7', 'C53B4.2', 'CELE_F36H12.3', 'C08F8.6', 'CELE_F57H12.5']"
STSSSSSSSS,5,"['CELE_F26F4.6', 'cfp-1', 'C34B2.9', 'mca-1', 'CELE_K07A1.20']"
EKKEEKKEEK,5,"['CELE_ZK354.7', 'C53B4.2', 'CELE_F36H12.3', 'C08F8.6', 'CELE_F57H12.5']"
TTTTTTTPPP,5,"['CELE_Y69A2AR.31', 'CELE_W03F9.11', 'CELE_Y43F8C.9', 'spp-7', 'deg-1']"
QLWDTAGQER,5,"['4R79.2', 'rab-6.2', 'tag-312', 'rab-33', 'aex-6']"
GCGGGGGGGC,5,"['grl-17', 'grl-25', 'grl-23', 'grl-20', 'C27A2.5']"
PSCNGCKTFF,5,"['nhr-10', 'nhr-209', 'nhr-173', 'nhr-136', 'nhr-168']"
AAPPPPPPPP,5,"['CELE_ZC123.1', 'grl-25', 'C15C6.3', 'wsp-1', 'rimb-1']"
LPGPPGPPGP,5,"['col-71', 'col-99', 'col-68', 'col-115', 'col-135']"
EADRMLDMGF,5,"['sacy-1', 'CELE_Y23H5B.6', 'ddx-23', 'laf-1', 'CELE_Y54G11A.3']"
LDEADRMLDM,5,"['sacy-1', 'CELE_Y23H5B.6', 'ddx-23', 'laf-1', 'CELE_Y54G11A.3']"
KVCRSLRTAV,5,"['fbxa-36', 'C39B5.2', 'fbxa-56', 'fbxa-47', 'fbxa-11']"
ENLHPDFCLT,5,"['irld-12', 'irld-24', 'irld-51', 'irld-49', 'irld-39']"
ADEMGLGKTI,5,"['CELE_T05A12.4', 'swsn-4', 'chd-1', 'ssl-1', 'csb-1']"
RDLKPENLLL,5,"['aak-2', 'pig-1', 'unc-43', 'sgk-1', 'sad-1']"
TTTTTTTTTQ,5,"['C12D12.1', 'mam-1', 'CELE_R03C1.1', 'C16D9.1', 'CELE_M02G9.1']"
DEADRMLDMG,5,"['sacy-1', 'CELE_Y23H5B.6', 'ddx-23', 'laf-1', 'CELE_Y54G11A.3']"
TRAGGLGINL,5,"['M03C11.8', 'chd-7', 'isw-1', 'chd-1', 'chd-3']"
TTTPTTTTTT,5,"['CELE_K07D4.6', 'clec-141', 'clec-118', 'clec-199', 'CELE_F56H9.6']"
FVTHGGLGST,5,"['ugt-18', 'ugt-6', 'ugt-13', 'ugt-28', 'ugt-44']"
GGGRGGGGGG,5,"['CELE_R08F11.7', 'ddx-17', 'grsp-3', 'CELE_F53C3.3', 'clec-233']"
CLFGDTVNTA,5,"['gcy-19', 'gcy-33', 'gcy-13', 'gcy-9', 'gcy-21']"
GGGFRGGRGG,5,"['fib-1', 'CELE_K07H8.10', 'Y66H1A.4', 'lpd-6', 'gtbp-1']"
TTTTTTTTEA,5,"['sym-1', 'CELE_F55D12.5', 'CELE_K02E2.8', 'CELE_Y68A4B.3', 'CELE_F40E10.5']"
GCKTFFRRTI,5,"['nhr-10', 'nhr-120', 'nhr-209', 'nhr-153', 'nhr-1']"
GPPGPPGQPG,5,"['col-9', 'col-145', 'col-55', 'col-129', 'emb-9']"
KQRIAIARAI,5,"['pgp-11', 'pgp-10', 'haf-6', 'pgp-6', 'pgp-4']"
GRGRGGRGRG,5,"['vig-1', 'cey-1', 'Y66H1A.4', 'CELE_F13C5.2', 'CELE_Y48C3A.14']"
AHQWFGNLVT,5,"['CELE_Y42A5A.1', 'anp-1', 'CELE_Y67D8C.9', 'CELE_R03G8.4', 'CELE_F49B2.6']"
VCRSLRTAVD,5,"['fbxa-45', 'fbxa-36', 'C39B5.2', 'fbxa-56', 'fbxa-11']"
EEEEEEEEEE,5,"['rpi-1', 'C53C9.2', 'CELE_Y54G11A.14', 'cec-1', 'tni-3']"
TTTTTTEAPT,5,"['C54D2.1', 'CELE_F55D12.5', 'CELE_F23H12.5', 'CELE_K02E2.8', 'CELE_F40E10.5']"
LNLVDLAGSE,5,"['klp-18', 'klp-17', 'osm-3', 'klp-3', 'bmk-1']"
TTSSTTTTTT,5,"['CELE_R03C1.1', 'CELE_Y97E10AR.2', 'CELE_F52G3.5', 'CELE_T25B2.3', 'C04G6.2']"
TTPTTTTTTT,5,"['CELE_K07D4.6', 'clec-141', 'clec-118', 'clec-199', 'CELE_F56H9.6']"
VQVWFQNRRA,5,"['alr-1', 'ceh-14', 'unc-4', 'ceh-8', 'ceh-17']"
VPPPPPPPPP,5,"['viro-2', 'CELE_H31G24.1', 'CELE_W03B1.5', 'wsp-1', 'CELE_F07A11.4']"
CKACAAFFRR,5,"['nhr-11', 'nhr-78', 'nhr-79', 'nhr-57', 'nhr-22']"
NLVDLAGSER,5,"['klp-17', 'klp-6', 'osm-3', 'klp-3', 'klp-18']"
GILADEMGLG,5,"['CELE_T05A12.4', 'swsn-4', 'isw-1', 'ssl-1', 'csb-1']"
