Homo sapiens,Pan troglodytes,Mus musculus,Rattus norvegicus,Bos taurus,Monodelphis domestica,Ornithorhynchus anatinus,Gallus gallus,Taeniopygia guttata,Anolis carolinensis,Danio rerio,Ciona intestinalis,Strongylocentrotus purpuratus,Caenorhabditis briggsae,Nematostella vectensis,Apis mellifera,Drosophila melanogaster,Drosophila yakuba,Saccharomyces cerevisiae,Oryza sativa,Caenorhabditis elegans
Human,chimpanzee,house mouse,brown rat,cow,opossum,platypus,chicken,zebra finch,lizard,zebrafish,ciona,sea urchin,worm,sea anemone,bee,D. melanogaster,D. yakuba,yeast,Asian rice,C. elegans
AAAAAAAAAA,EEEEEEEEEE,EEEEEEEEEE,EEEEEEEEEE,EEEEEEEEEE,AAAAAAAAAA,XXXXXXXXXX,EEEEEEEEEE,EEEEEEEEEE,EEEEEEEEEE,SSSSSSSSSS,QQQQQQQQQQ,EEEEEEEEEE,XXXXXXXXXX,QQQQQQQQQQ,QQQQQQQQQQ,QQQQQQQQQQ,QQQQQQQQQQ,QQQQQQQQQQ,GGGGGGGGGG,TTTTTTTTTT
EEEEEEEEEE,AAAAAAAAAA,AAAAAAAAAA,QQQQQQQQQQ,AAAAAAAAAA,EEEEEEEEEE,EEEEEEEEEE,PPPPPPPPPP,SSSSSSSSSS,SSSSSSSSSS,EEEEEEEEEE,TTTTTTTTTT,XXXXXXXXXX,TTTTTTTTTT,VTMTTVGYGD,SSSSSSSSSS,QQQQQQQQQH,QQQQQQQQQH,NNNNNNNNNN,AAAAAAAAAA,CRACAAFFRR
QQQQQQQQQQ,PPPPPPPPPP,PPPPPPPPPP,AAAAAAAAAA,PPPPPPPPPP,GGGGGGGGGG,PPPPPPPPPP,SSSSSSSSSS,PPPPPPPPPP,PPPPPPPPPP,THTHTHTHTH,SSSSSSSSSS,QQQQQQQQQQ,CRACAAFFRR,PPPPPPPPPP,XXXXXXXXXX,AAAAAAAAAA,AAAAAAAAAA,LQQQQQQQQQ,PPPPPPPPPP,SSSSSSSSSS
PPPPPPPPPP,QQQQQQQQQQ,QQQQQQQQQQ,SSSSSSSSSS,SSSSSSSSSS,XXXXXXXXXX,SSSSSSSSSS,GGGGGGGGGG,EEEEEEEEED,GGGGGGGGGG,HTHTHTHTHT,PTTTTTTTTT,GGGGGGGGGG,PPPPPPPPPP,LADEMGLGKT,GGGGGGGGGG,HQQQQQQQQQ,HQQQQQQQQQ,DDDDDDDDDD,AGGGGGGGGG,PPPPPPPPPP
SSSSSSSSSS,SSSSSSSSSS,SSSSSSSSSS,PPPPPPPPPP,QQQQQQQQQQ,QQQQQQQQQQ,QQQQQQQQQQ,AAAAAAAAAA,XXXXXXXXXX,AAAAAAAAAA,VCVCVCVCVC,NSIRHNLSLN,SSSSSSSSSS,SCRACAAFFR,ILADEMGLGK,QQQQQQQQQH,QQQQQQQQQL,QQQQQQQHQQ,NNNNNNNNNS,SSSSSSSSSS,STTTTTTTTT
GGGGGGGGGG,GGGGGGGGGG,EEEEEEEEED,EEEEEEEEED,GGGGGGGGGG,SSSSSSSSSS,EEEEEEEEED,EEEEEEEEED,QQQQQQQQQQ,EEEEEEEEED,QQQQQQQQQQ,QVKIWFQNRR,DDDDDDDDDD,PTTTTTTTTT,ITMNPGYAGR,HHHHHHHHHH,LQQQQQQQQQ,LQQQQQQQQQ,SSSSSSSSSS,SGGGGGGGGG,QQQQQQQQQQ
DEEEEEEEEE,DEEEEEEEEE,GGGGGGGGGG,GGGGGGGGGG,EEEEEEEEED,PPPPPPPPPP,GXXXXXXXXX,DEEEEEEEEE,DEEEEEEEEE,DEEEEEEEEE,DEEEEEEEEE,KIWFQNRRMK,DEEEEEEEEE,STTTTTTTTT,FAYGQTGSGK,NNNNNNNNNN,QQQQQQQQHQ,QQQQQQHQQQ,NNNNNNNNSN,RGGGGGGGGG,ACAAFFRRTV
EEEEEEEEED,EEEEEEEEED,DEEEEEEEEE,DEEEEEEEEE,QPPPPPPPPP,SGGGGGGGGG,DEEEEEEEEE,QQQQQQQQQQ,EDEEEEEEEE,ASSSSSSSSS,CVCVCVCVCV,TCQGDSGGPL,EEEEEEEEEK,TTTTTTTTTP,FITMNPGYAG,PPPPPPPPPP,QQQQQQQHQQ,QQQQQQQQHQ,DDDDDDDDDE,GGGGGGGGGA,TTTTTTTTTE
SAAAAAAAAA,SAAAAAAAAA,EEEEEEEEEG,QQQQQQQQQP,EEEEEEEEDE,EEEEEEEEED,EDEEEEEEEE,EDEEEEEEEE,PPPPPPPPPL,QQQQQQQQQQ,PPPPPPPPPP,SSSSSSSSSD,EEEEEEEEED,SSSSSSSSSS,RLVITPLTDR,EEEEEEEEEE,QHQQQQQQQQ,QQQQQQQQQL,QQQQQQQQQP,GGGGGGGGGE,SCRACAAFFR
AAAAAAAAAG,PPPPPPPPPL,AAAAAAAAAS,GEEEEEEEEE,EEEEEEEEEG,GGGGGGGGGS,GGGGGGGGGG,EEEEEEEEDE,QVKIWFQNRR,EEEEEEEEEA,GGGGGGGGGG,DTCQGDSGGP,EEEEEEEEKE,QQQQQQQQQQ,SPATVSRCGM,QQQQQQQQQS,GGGGGGGGGG,QQQHQQQQQQ,EEEEEEEEEE,GGGGGGGGGR,PTTTTTTTTT
PPPPPPPPPL,XXXXXXXXXX,PPPPPPPPPL,EEEEEEEEEG,LPPPPPPPPP,AAAAAAAAAG,AAAAAAAAAA,EEEEEEDEEE,GPPGPPGPPG,EDEEEEEEEE,EEEEEEEEED,CQGDSGGPLV,KEEEEEEEEE,TSTTTTTTTT,AYGQTGSGKT,HQQQQQQQQQ,QQQQQQHQQQ,QQHQQQQQQQ,QQQQQQQQQL,GGGGGGGGGS,TTTSTTTTTT
PPPPPPPPLP,EDEEEEEEEE,SAAAAAAAAA,EEEEEEEEDE,CQGDSGGPLV,PPPPPPPPPL,PXXXXXXXXX,EEEEDEEEEE,KIWFQNRRMK,EEEEEEEEEG,PSSSSSSSSS,QGDSGGPLVC,GEEEEEEEEE,EEEEEEEEEE,LLDDPLSAVD,AAAAAAAAAA,QQHQQQQQQQ,QQQQHQQQQQ,SNNNNNNNNN,GGGGGGGGGV,APPPPPPPPP
EEEEEEEEDE,EEEEEEEEDE,AAAAAAAAAG,AAAAAAAAAS,QVKIWFQNRR,AAAAAAAAAS,XXXXXXXXXP,EEEEEDEEEE,WDTAGQERFR,SSSSSSSSSA,XXXXXXXXXX,WDTAGQERFR,EEEEEEEEEG,PTEPRGQRES,LVITPLTDRC,TTTTTTTTTT,QQQHQQQQQQ,GGGGGGGGGG,HQQQQQQQQQ,EEEEEEEEEE,VHCSAGIGRT
EEEEEEEEEG,PPPPPPPPLP,APPPPPPPPP,SAAAAAAAAA,PPPPPPPPPL,DEEEEEEEEE,EEEEEEEDEE,EEDEEEEEEE,AAAAAAAAAA,PSSSSSSSSS,HHHHHHHHHH,QVWFQNRRAK,EEEEEEEDEE,TCRACAAFFR,ASPATVSRCG,PQQQQQQQQQ,SSSSSSSSSS,QHQQQQQQQQ,PQQQQQQQQQ,DVYSFGVVLL,TSTTTTTTTT
AAAAAAAAAS,AAAAAAAAAS,SGGGGGGGGG,APPPPPPPPP,AAAAAAAAAG,SAAAAAAAAA,APPPPPPPPP,EEEEEEEDEE,EEEEEEEEEG,EEEEEEEEDE,QVKIWFQNRR,AYGQTGSGKT,LQQQQQQQQQ,LPTEPRGQRE,TMNPGYAGRT,QQQQQQQQQP,QLQQQQQQQQ,QQQQQHQQQQ,QQQQQQQQQH,VYSFGVVLLE,HCSAGIGRTG
EEEDEEEEEE,AAAAAAAAAG,LPPPPPPPPP,PPPPPPPPPL,SAAAAAAAAA,PPPPPPPPLP,QVKIWFQNRR,APPPPPPPPP,PPPPPPPPLP,GEEEEEEEEE,AAAAAAAAAA,ACQGDSGGPL,KKKKKKKKKK,TTSTTTTTTT,PGYAGRTELP,SQQQQQQQQQ,QQQQHQQQQQ,SSSSSSSSSS,AQAQAQAQAQ,AAGGGGGGGG,VVHCSAGIGR
LPPPPPPPPP,EEDEEEEEEE,PPPPPPPPLP,EDEEEEEEEE,AAAAAAAAAS,EDEEEEEEEE,QQQQQQQQQP,EEEDEEEEEE,KKKKKKKKKK,GGGGGGGGGS,ERERERERER,WQNSIRHNLS,GDDDDDDDDD,PLPTEPRGQR,NPGYAGRTEL,QQQQQQQQQL,QQQQQHQQQQ,QQQQQQQQLQ,NNNNNNNSNN,AAAAAAAAAG,RACAAFFRRT
PPPPPPLPPP,EEEEEEEEEG,GEEEEEEEEE,PPPPPPPPLP,QGDSGGPLVC,AAAAAAAAAV,AXXXXXXXXX,PPPPPPPPLP,LADEMGLGKT,SEEEEEEEEE,RERERERERE,HCSAGVGRTG,EEEEEEEEDE,ACAAFFRRTV,HRDLAARNVL,LQQQQQQQQQ,QQQQQQQQQA,PQQQQQQQQQ,QLQQQQQQQQ,SSSSSAAAAA,TTSTTTTTTT
EDEEEEEEEE,PPPPPPPPPA,SEEEEEEEEE,QPPPPPPPPP,DEEEEEEEEE,GEEEEEEEEE,CQGDSGGPLV,PPPPPPPPPL,HRDLKPENLL,SGGGGGGGGG,DDDDDDDDDD,VKIWFQNRRM,EDEEEEEEEE,CNGCKTFFRR,VITPLTDRCY,QQQQQQQQQA,PQQQQQQQQQ,QQQQQQQQQA,DNNNNNNNNN,SAAAAAAAAA,CNGCKTFFRR
EEDEEEEEEE,LPPPPPPPPP,GGGGGGGGGS,HQRIHTGEKP,GGGGGGGGGS,PAAAAAAAAA,EXXXXXXXXX,GPPGPPGPPG,ILADEMGLGK,KEEEEEEEEE,SSSSSSSSSA,QNSIRHNLSL,EEEEEEDEEE,VHCSAGIGRT,FYAPWCGHCK,QQQQQQQQHQ,SAAAAAAAAA,SAAAAAAAAA,HRDIKPENIL,AAAGGGGGGG,GGGGGGGGGG
EEEEDEEEEE,PPPPPPPLPP,LQQQQQQQQQ,QVKIWFQNRR,PPPPPPPPLP,VAAAAAAAAA,EEEEEEEEEG,QVKIWFQNRR,EEDEEEEEEE,PPPPPPPPLP,TSSSSSSSSS,DACQGDSGGP,DDEEEEEEEE,PIAYIKARTT,MNPGYAGRTE,GGGGGGGGGS,QQQQQQQQLQ,QLQQQQQQQQ,QAQAQAQAQA,SPPPPPPPPP,QVKIWFQNRR
PPPPPPPLPP,QPPPPPPPPP,PPPPPPPPPA,PPPPPPPPPA,PPPPPPPPPA,QPPPPPPPPP,EEDEEEEEEE,PPPPPPPPPA,HCSAGVGRTG,SASSSSSSSS,KIWFQNRRMK,QIKIWFQNRR,EGEEEEEEEE,QVKIWFQNRR,GGGGGGGGGG,DDDDDDDDDD,AQQQQQQQQQ,QQQQQQLQQQ,ILADEMGLGK,APPPPPPPPP,PRYCLFGDTV
PPPPPPPPPA,GGGGGGGGGS,QPPPPPPPPP,HHHHHHHHHH,EEEEEEEDEE,QQQQQQQQQP,PPPPPPPPPL,RGGGGGGGGG,VKIWFQNRRM,APPPPPPPPP,EDEEEEEEEE,IWDTAGQERF,PPPPPPPPPP,SCNGCKTFFR,GILADEMGLG,HHHHHHHHHQ,QQLQQQQQQQ,QQQQQQQLQQ,DDDDDDDDED,ASSSSSSSSS,TTTTSTTTTT
EEEEEEEDEE,PPPPPPLPPP,GGGGSGGGGG,SGGGGGGGGG,PPPPPPPPAP,GSGGGGGGGG,EEEEEDEEEE,EEEEEEEEEG,EEEEEDEEEE,LPPPPPPPPP,DDDDDDDDDE,HTGEKPFKCD,DDDDDDDDDE,HCSAGIGRTG,GPAGTGKTET,EDEEEEEEEE,AAAAAAAAAS,QQQQQLQQQQ,QPQQQQQQQQ,RRRRRRRRRR,SCNGCKTFFR
EEEEEEDEEE,EEEDEEEEEE,EEEEEEEEDE,EEDEEEEEEE,EEEEEEDEEE,EEEEEEEEDE,EEEEEEEEDE,LPPPPPPPPP,EEEEEEEEDE,PPPPPPPPPL,SCQGDSGGPL,STTTTTTTTT,RGRGRGRGRG,TTTTEAPTTT,FPAVTICNLN,DEEEEEEEEE,QQQQLQQQQQ,HHQQQQQQQQ,NDDDDDDDDD,PPPPPPPPPA,ACRACAAFFR
SGGGGGGGGG,QVKIWFQNRR,EEEEEEEEEK,PPPPPPLPPP,APPPPPPPPP,GGGGGGGGSG,HHHHHHHHHH,ASSSSSSSSS,VHCSAGVGRT,EEDEEEEEEE,CQGDSGGPLV,GTPYWMAPEV,QQQQQQQQQH,RRVTLSVVHR,GTGKTETTKD,SSSSSSSSST,HHQQQQQQQQ,QQQLQQQQQQ,LADEMGLGKT,AAAAAAAAAS,SSSSSSSSSE
APPPPPPPPP,GGGGGGGSGG,HHHHHHHHHH,HRRIHTGEKP,EDEEEEEEEE,AGGGGGGGGG,DSCQGDSGGP,AEEEEEEEEE,ASSSSSSSSS,SAAAAAAAAA,EEEEEEEEDE,IWFQNRRMKW,DDDDDDDDDG,QKQRIAIARA,PAGTGKTETT,SGGGGGGGGG,QQQLQQQQQQ,AQQQQQQQQQ,TSSSSSSSSS,GGGGGGGGGD,TTTEEPTTTT
ASSSSSSSSS,CQGDSGGPLV,QVKIWFQNRR,IHTGEKPYKC,SCQGDSGGPL,GGGGGGGSGG,SEEEEEEEEE,EEEEEEEEEA,CEGCKGFFRR,EEEDEEEEEE,RSSSSSSSSS,CEGCKGFFRR,DDDDDDDDDN,RPIAYIKART,YLLDDPLSAV,EQQQQQQQQQ,NNNNNNNNNN,TTTTTTTTTT,NSNNNNNNNN,AAAAGGGGGG,RSRSRSRSRS
HHHHHHHHHH,SGGGGGGGGG,AAAAAAAAAV,QRIHTGEKPY,HHHHHHHHHH,ASSSSSSSSS,KEEEEEEEEE,PGPPGPPGPP,HHHHHHHHHH,AGGGGGGGGG,QVWFQNRRAK,HRDLAARNVL,EEEEEEEEEV,GGQKQRIAIA,DDDDDDDDDD,HHQQQQQQQQ,TTTTTTTTTT,QQQQLQQQQQ,GILADEMGLG,SDVYSFGVVL,TTTTTTTEEP